Workbook

Sheet Tổng quan
A1: TST 1.7.10 → GTCEu 1.20.1 | Multiblock ZPM → Endgame
A2: Đã rà toàn bộ controller đăng ký trong MachineLoader. Danh sách chính chỉ giữ máy chưa có multiblock GTCEu/GCYM tương tự; dữ liệu máy lấy trực tiếp từ source code.
A4: Chỉ số audit | B4: Giá trị | D4: Mốc mở khóa | E4: Số máy giữ lại | F4: Ưu tiên | G4: Cách hiểu | H4: Lưu ý
A5: Controller multiblock active | B5: =B6+B9+B11 -> 77 | D5: ZPM | E5: =COUNTIF('Danh sách máy'!$D$5:$D$29,D5) -> 2 | F5: P1/P2 | G5: Max(recipe EU/t, linh kiện tiered) = ZPM | H5: Chỉ đếm sheet Danh sách máy
A6: Ứng viên ZPM → endgame | B6: =B7+B8 -> 51 | D6: UV | E6: =COUNTIF('Danh sách máy'!$D$5:$D$29,D6) -> 1 | F6: P1/P2 | G6: Max(recipe EU/t, linh kiện tiered) = UV | H6: Chỉ đếm sheet Danh sách máy
A7: Nên port: không trùng GTCEu | B7: =COUNTA('Danh sách máy'!B5:B29) -> 25 | D7: UHV | E7: =COUNTIF('Danh sách máy'!$D$5:$D$29,D7) -> 2 | F7: P1/P2 | G7: Max(recipe EU/t, linh kiện tiered) = UHV | H7: Chỉ đếm sheet Danh sách máy
A8: Đã loại: trùng large_machine | B8: =COUNTA('Đối chiếu large_machine'!B5:B30) -> 26 | D8: UEV | E8: =COUNTIF('Danh sách máy'!$D$5:$D$29,D8) -> 5 | F8: P3 endgame | G8: Max(recipe EU/t, linh kiện tiered) = UEV | H8: Chỉ đếm sheet Danh sách máy
A9: Ngoài phạm vi / dưới ZPM | B9: =COUNTA('Ngoài phạm vi ZPM'!B5:B27) -> 23 | D9: UIV | E9: =COUNTIF('Danh sách máy'!$D$5:$D$29,D9) -> 3 | F9: P3 endgame | G9: Max(recipe EU/t, linh kiện tiered) = UIV | H9: Chỉ đếm sheet Danh sách máy
A10: Tỉ lệ ứng viên bị loại trùng | B10: =B8/B6 -> 0.50980392 | D10: UMV | E10: =COUNTIF('Danh sách máy'!$D$5:$D$29,D10) -> 4 | F10: P3 endgame | G10: Max(recipe EU/t, linh kiện tiered) = UMV | H10: Chỉ đếm sheet Danh sách máy
A11: Người dùng loại theo màu đỏ | B11: 3 | D11: UXV | E11: =COUNTIF('Danh sách máy'!$D$5:$D$29,D11) -> 5 | F11: P3 endgame | G11: Max(recipe EU/t, linh kiện tiered) = UXV | H11: Chỉ đếm sheet Danh sách máy
D12: MAX | E12: =COUNTIF('Danh sách máy'!$D$5:$D$29,D12) -> 1 | F12: P3 endgame | G12: Max(recipe EU/t, linh kiện tiered) = MAX | H12: Chỉ đếm sheet Danh sách máy
A14: Kết luận sau khi loại máy tương tự GTCEu
A15: Sau khi áp dụng quy tắc màu và audit lại source: xóa LargeCanner, BeeEngineer, MegaSolarPanelFactory; chuyển CoreDeviceOfHumanPowerGenerationFacility sang nhóm overlap vì đây là Fluid Heater, không phải máy phát điện; giữ DSPLauncher/DSPReceiver vì có subsystem Dyson Sphere riêng; giữ 5 dòng xanh trong backlog để mapping sau. Kết quả: 25 máy trong backlog, 26 máy loại do overlap, 23 máy ngoài phạm vi và 3 máy người dùng loại trực tiếp.

Sheet Danh sách máy
A1: Danh sách multiblock nên port
A2: Chỉ gồm máy ZPM–endgame chưa có multiblock GTCEu/GCYM đủ tương tự để thay thế. Mỗi dòng có class, path, recipe controller và URL commit cố định.
A4: STT | B4: Máy / controller | C4: Class | D4: Mốc mở khóa ước tính | E4: Meta ID | F4: Chức năng | G4: Recipe map / logic TST | H4: Cấu trúc | I4: Class path | J4: Recipe controller path | K4: URL class | L4: URL recipe | M4: Confidence | N4: Ghi chú quyết định
A5: 1 | B5: GiantVacuumDryingFurnace | C5: TST_GiantVacuumDryingFurnace | D5: ZPM | E5: 19065 | F5: Sấy chân không / khử nước | G5: Vacuum furnace + chemical dehydrator maps | H5: StructureLib addShape/transpose trong class | I5: src/main/java/com/Nxer/TwistSpaceTechnology/common/machine/TST_GiantVacuumDryingFurnace.java | J5: src/main/java/com/Nxer/TwistSpaceTechnology/recipe/craftRecipe/machine/GTCMMachineRecipes.java:920 | K5: https://github.com/Nxer/Twist-Space-Technology-Mod/blob/73571514cf8a1527db4975680456748ba32f373d/src/main/java/com/Nxer/TwistSpaceTechnology/common/machine/TST_GiantVacuumDryingFurnace.java | L5: https://github.com/Nxer/Twist-Space-Technology-Mod/blob/73571514cf8a1527db4975680456748ba32f373d/src/main/java/com/Nxer/TwistSpaceTechnology/recipe/craftRecipe/machine/GTCMMachineRecipes.java#L920 | M5: High | N5: GIỮ: chưa có multiblock tương tự trong GTMultiMachines/GCYMMachines/GTResearchMachines ở commit đã kiểm tra.
A6: 2 | B6: NetherInterface | C6: TST_NetherInterface | D6: ZPM | E6: 19077 | F6: Giao diện khai thác/tương tác Nether | G6: Nether Interface custom logic | H6: StructureLib addShape/transpose trong class | I6: src/main/java/com/Nxer/TwistSpaceTechnology/common/machine/TST_NetherInterface.java | J6: src/main/java/com/Nxer/TwistSpaceTechnology/recipe/craftRecipe/machine/GTCMMachineRecipes.java:3586 | K6: https://github.com/Nxer/Twist-Space-Technology-Mod/blob/73571514cf8a1527db4975680456748ba32f373d/src/main/java/com/Nxer/TwistSpaceTechnology/common/machine/TST_NetherInterface.java | L6: https://github.com/Nxer/Twist-Space-Technology-Mod/blob/73571514cf8a1527db4975680456748ba32f373d/src/main/java/com/Nxer/TwistSpaceTechnology/recipe/craftRecipe/machine/GTCMMachineRecipes.java#L3586 | M6: High | N6: GIỮ: chưa có multiblock tương tự trong GTMultiMachines/GCYMMachines/GTResearchMachines ở commit đã kiểm tra.
A7: 3 | B7: HyperThermalConvector | C7: TST_HyperThermalConvector | D7: UV | E7: 19069 | F7: Trao đổi/chuyển đổi nhiệt đa chế độ | G7: GTCMRecipe.HyperThermalConvectorRecipes | H7: StructureLib addShape/transpose trong class | I7: src/main/java/com/Nxer/TwistSpaceTechnology/common/machine/TST_HyperThermalConvector.java | J7: src/main/java/com/Nxer/TwistSpaceTechnology/recipe/craftRecipe/machine/SingleMachineRecipes.java:59 | K7: https://github.com/Nxer/Twist-Space-Technology-Mod/blob/73571514cf8a1527db4975680456748ba32f373d/src/main/java/com/Nxer/TwistSpaceTechnology/common/machine/TST_HyperThermalConvector.java | L7: https://github.com/Nxer/Twist-Space-Technology-Mod/blob/73571514cf8a1527db4975680456748ba32f373d/src/main/java/com/Nxer/TwistSpaceTechnology/recipe/craftRecipe/machine/SingleMachineRecipes.java#L59 | M7: High | N7: GIỮ: chưa có multiblock tương tự trong GTMultiMachines/GCYMMachines/GTResearchMachines ở commit đã kiểm tra.
A8: 4 | B8: MegaTreeFarm | C8: TST_MegaTreeFarm | D8: UHV | E8: 19051 | F8: Eco-sphere/tree farm đa chức năng | G8: EcoSphere simulator custom maps | H8: StructureLib addShape/transpose trong class | I8: src/main/java/com/Nxer/TwistSpaceTechnology/common/machine/TST_MegaTreeFarm.java | J8: src/main/java/com/Nxer/TwistSpaceTechnology/system/Thaumcraft/TCRecipePool.java:113 | K8: https://github.com/Nxer/Twist-Space-Technology-Mod/blob/73571514cf8a1527db4975680456748ba32f373d/src/main/java/com/Nxer/TwistSpaceTechnology/common/machine/TST_MegaTreeFarm.java | L8: https://github.com/Nxer/Twist-Space-Technology-Mod/blob/73571514cf8a1527db4975680456748ba32f373d/src/main/java/com/Nxer/TwistSpaceTechnology/system/Thaumcraft/TCRecipePool.java#L113 | M8: High | N8: GIỮ: chưa có multiblock tương tự trong GTMultiMachines/GCYMMachines/GTResearchMachines ở commit đã kiểm tra.
A9: 5 | B9: Disassembler | C9: TST_Disassembler | D9: UEV | E9: 19041 | F9: Tháo rã vật phẩm | G9: Disassembler custom logic | H9: StructureLib addShape/transpose trong class | I9: src/main/java/com/Nxer/TwistSpaceTechnology/system/Disassembler/TST_Disassembler.java | J9: src/main/java/com/Nxer/TwistSpaceTechnology/recipe/craftRecipe/machine/GTCMMachineRecipes.java:2272 | K9: https://github.com/Nxer/Twist-Space-Technology-Mod/blob/73571514cf8a1527db4975680456748ba32f373d/src/main/java/com/Nxer/TwistSpaceTechnology/system/Disassembler/TST_Disassembler.java | L9: https://github.com/Nxer/Twist-Space-Technology-Mod/blob/73571514cf8a1527db4975680456748ba32f373d/src/main/java/com/Nxer/TwistSpaceTechnology/recipe/craftRecipe/machine/GTCMMachineRecipes.java#L2272 | M9: High | N9: GIỮ: chưa có multiblock tương tự trong GTMultiMachines/GCYMMachines/GTResearchMachines ở commit đã kiểm tra.
A10: 6 | B10: IncompactCyclotron | C10: TST_IncompactCyclotron | D10: UEV | E10: 19058 | F10: Cyclotron thu gọn | G10: GTPPRecipeMaps.cyclotronRecipes | H10: StructureLib addShape/transpose trong class | I10: src/main/java/com/Nxer/TwistSpaceTechnology/common/machine/TST_IncompactCyclotron.java | J10: src/main/java/com/Nxer/TwistSpaceTechnology/recipe/craftRecipe/machine/GTCMMachineRecipes.java:2823 | K10: https://github.com/Nxer/Twist-Space-Technology-Mod/blob/73571514cf8a1527db4975680456748ba32f373d/src/main/java/com/Nxer/TwistSpaceTechnology/common/machine/TST_IncompactCyclotron.java | L10: https://github.com/Nxer/Twist-Space-Technology-Mod/blob/73571514cf8a1527db4975680456748ba32f373d/src/main/java/com/Nxer/TwistSpaceTechnology/recipe/craftRecipe/machine/GTCMMachineRecipes.java#L2823 | M10: High | N10: GIỮ: chưa có multiblock tương tự trong GTMultiMachines/GCYMMachines/GTResearchMachines ở commit đã kiểm tra.
A11: 7 | B11: MegaStoneBreaker | C11: TST_MegaStoneBreaker | D11: UEV | E11: 19062 | F11: Stone/rock breaker quy mô lớn | G11: GTCMRecipe.MegaStoneBreakerRecipes: 14 recipe circuit cho compressed cobblestone/stone/obsidian/netherrack/basalt/deepslate; output ×4 thường hoặc ×1024 khi đủ water + lava | H11: StructureLib addShape/transpose trong class | I11: src/main/java/com/Nxer/TwistSpaceTechnology/common/machine/TST_MegaStoneBreaker.java | J11: src/main/java/com/Nxer/TwistSpaceTechnology/recipe/craftRecipe/machine/GTCMMachineRecipes.java:3021 | K11: https://github.com/Nxer/Twist-Space-Technology-Mod/blob/73571514cf8a1527db4975680456748ba32f373d/src/main/java/com/Nxer/TwistSpaceTechnology/common/machine/TST_MegaStoneBreaker.java | L11: https://github.com/Nxer/Twist-Space-Technology-Mod/blob/73571514cf8a1527db4975680456748ba32f373d/src/main/java/com/Nxer/TwistSpaceTechnology/recipe/craftRecipe/machine/GTCMMachineRecipes.java#L3021 | M11: High | N11: GIỮ: recipe type và fluid-gated output multiplier là cơ chế riêng; GTCEu không có large rock generator tương đương.
A12: 8 | B12: LargeNeutronOscillator | C12: MM_LargeNeutronOscillator | D12: UIV | E12: 19055 | F12: Neutron activator dùng EU | G12: GTCMRecipe.NeutronActivatorRecipesWithEU | H12: StructureLib addShape/transpose trong class | I12: src/main/java/com/Nxer/TwistSpaceTechnology/common/modularizedMachine/MM_LargeNeutronOscillator.java | J12: src/main/java/com/Nxer/TwistSpaceTechnology/recipe/craftRecipe/machine/GTCMMachineRecipes.java:3150 | K12: https://github.com/Nxer/Twist-Space-Technology-Mod/blob/73571514cf8a1527db4975680456748ba32f373d/src/main/java/com/Nxer/TwistSpaceTechnology/common/modularizedMachine/MM_LargeNeutronOscillator.java | L12: https://github.com/Nxer/Twist-Space-Technology-Mod/blob/73571514cf8a1527db4975680456748ba32f373d/src/main/java/com/Nxer/TwistSpaceTechnology/recipe/craftRecipe/machine/GTCMMachineRecipes.java#L3150 | M12: High | N12: GIỮ: chưa có multiblock tương tự trong GTMultiMachines/GCYMMachines/GTResearchMachines ở commit đã kiểm tra.
A13: 9 | B13: MegaNqReactor | C13: TST_MegaNqReactor | D13: UIV | E13: 19081 | F13: Lò phản ứng Naquadah quy mô lớn | G13: GoodGeneratorRecipeMaps.naquadahReactorFuels | H13: StructureLib addShape/transpose trong class | I13: src/main/java/com/Nxer/TwistSpaceTechnology/common/machine/GeneratorMultis/TST_MegaNqReactor.java | J13: src/main/java/com/Nxer/TwistSpaceTechnology/recipe/craftRecipe/machine/GTCMMachineRecipes.java:3739 | K13: https://github.com/Nxer/Twist-Space-Technology-Mod/blob/73571514cf8a1527db4975680456748ba32f373d/src/main/java/com/Nxer/TwistSpaceTechnology/common/machine/GeneratorMultis/TST_MegaNqReactor.java | L13: https://github.com/Nxer/Twist-Space-Technology-Mod/blob/73571514cf8a1527db4975680456748ba32f373d/src/main/java/com/Nxer/TwistSpaceTechnology/recipe/craftRecipe/machine/GTCMMachineRecipes.java#L3739 | M13: High | N13: GIỮ: chưa có multiblock tương tự trong GTMultiMachines/GCYMMachines/GTResearchMachines ở commit đã kiểm tra.
A14: 10 | B14: DSPLauncher | C14: TST_DSPLauncher | D14: UMV | E14: 19013 | F14: Phóng solar sail/node cho Dyson Sphere | G14: GTCMRecipe.DSP_LauncherRecipes | H14: StructureLib addShape/transpose trong class | I14: src/main/java/com/Nxer/TwistSpaceTechnology/system/DysonSphereProgram/machines/TST_DSPLauncher.java | J14: src/main/java/com/Nxer/TwistSpaceTechnology/recipe/machineRecipe/expanded/DSPRecipePool.java:175 | K14: https://github.com/Nxer/Twist-Space-Technology-Mod/blob/73571514cf8a1527db4975680456748ba32f373d/src/main/java/com/Nxer/TwistSpaceTechnology/system/DysonSphereProgram/machines/TST_DSPLauncher.java | L14: https://github.com/Nxer/Twist-Space-Technology-Mod/blob/73571514cf8a1527db4975680456748ba32f373d/src/main/java/com/Nxer/TwistSpaceTechnology/recipe/machineRecipe/expanded/DSPRecipePool.java#L175 | M14: High | N14: GIỮ: chưa có multiblock tương tự trong GTMultiMachines/GCYMMachines/GTResearchMachines ở commit đã kiểm tra.
A15: 11 | B15: DSPReceiver | C15: TST_DSPReceiver | D15: UMV | E15: 19014 | F15: Nhận công suất từ Dyson Sphere | G15: GTCMRecipe.DSP_ReceiverRecipes | H15: StructureLib addShape/transpose trong class | I15: src/main/java/com/Nxer/TwistSpaceTechnology/system/DysonSphereProgram/machines/TST_DSPReceiver.java | J15: src/main/java/com/Nxer/TwistSpaceTechnology/recipe/machineRecipe/expanded/DSPRecipePool.java:140 | K15: https://github.com/Nxer/Twist-Space-Technology-Mod/blob/73571514cf8a1527db4975680456748ba32f373d/src/main/java/com/Nxer/TwistSpaceTechnology/system/DysonSphereProgram/machines/TST_DSPReceiver.java | L15: https://github.com/Nxer/Twist-Space-Technology-Mod/blob/73571514cf8a1527db4975680456748ba32f373d/src/main/java/com/Nxer/TwistSpaceTechnology/recipe/machineRecipe/expanded/DSPRecipePool.java#L140 | M15: High | N15: GIỮ: chưa có multiblock tương tự trong GTMultiMachines/GCYMMachines/GTResearchMachines ở commit đã kiểm tra.
A16: 12 | B16: MicroSpaceTimeFabricatorio | C16: TST_MicroSpaceTimeFabricatorio | D16: UMV | E16: 19060 | F16: Gia công spacetime | G16: GTCMRecipe.MicroSpaceTimeFabricatorioRecipes | H16: StructureLib addShape/transpose trong class | I16: src/main/java/com/Nxer/TwistSpaceTechnology/common/machine/TST_MicroSpaceTimeFabricatorio.java | J16: src/main/java/com/Nxer/TwistSpaceTechnology/recipe/craftRecipe/item/CosmicProcessorCircuitRecipes.java:455 | K16: https://github.com/Nxer/Twist-Space-Technology-Mod/blob/73571514cf8a1527db4975680456748ba32f373d/src/main/java/com/Nxer/TwistSpaceTechnology/common/machine/TST_MicroSpaceTimeFabricatorio.java | L16: https://github.com/Nxer/Twist-Space-Technology-Mod/blob/73571514cf8a1527db4975680456748ba32f373d/src/main/java/com/Nxer/TwistSpaceTechnology/recipe/craftRecipe/item/CosmicProcessorCircuitRecipes.java#L455 | M16: High | N16: GIỮ: chưa có multiblock tương tự trong GTMultiMachines/GCYMMachines/GTResearchMachines ở commit đã kiểm tra.
... A23: 19 | B23: StrangeMatterAggregator | C23: TST_StrangeMatterAggregator | D23: MAX | E23: 19059 | F23: Tổng hợp strange matter | G23: GTCMRecipe.StrangeMatterAggregatorRecipes | H23: StructureLib addShape/transpose trong class | I23: src/main/java/com/Nxer/TwistSpaceTechnology/system/DysonSphereProgram/machines/TST_StrangeMatterAggregator.java | J23: src/main/java/com/Nxer/TwistSpaceTechnology/recipe/machineRecipe/expanded/DSPRecipePool.java:918 | K23: https://github.com/Nxer/Twist-Space-Technology-Mod/blob/73571514cf8a1527db4975680456748ba32f373d/src/main/java/com/Nxer/TwistSpaceTechnology/system/DysonSphereProgram/machines/TST_StrangeMatterAggregator.java | L23: https://github.com/Nxer/Twist-Space-Technology-Mod/blob/73571514cf8a1527db4975680456748ba32f373d/src/main/java/com/Nxer/TwistSpaceTechnology/recipe/machineRecipe/expanded/DSPRecipePool.java#L918 | M23: High | N23: GIỮ: chưa có multiblock tương tự trong GTMultiMachines/GCYMMachines/GTResearchMachines ở commit đã kiểm tra.
A24: 20 | B24: HyperSpacetimeTransformer | C24: GTCM_HyperSpacetimeTransformer | D24: Endgame* | E24: 19501 | F24: Biến đổi vật chất/spacetime | G24: GTCMRecipe.HyperSpacetimeTransformerRecipe + molecularTransformerRecipes | H24: StructureLib addShape/transpose trong class | I24: src/main/java/com/Nxer/TwistSpaceTechnology/common/machine/GTCM_HyperSpacetimeTransformer.java | J24: Không tìm thấy recipe chế tạo controller; tier theo code/feature, cần xác minh pack | K24: https://github.com/Nxer/Twist-Space-Technology-Mod/blob/73571514cf8a1527db4975680456748ba32f373d/src/main/java/com/Nxer/TwistSpaceTechnology/common/machine/GTCM_HyperSpacetimeTransformer.java | M24: Medium | N24: GIỮ: chưa có multiblock tương tự trong GTMultiMachines/GCYMMachines/GTResearchMachines ở commit đã kiểm tra.
A25: 21 | B25: AstralComputingArray | C25: TST_Computer | D25: UEV | E25: 19029 | F25: Hạ tầng tính toán công suất lớn | G25: Custom computation/rack logic; cần audit khác biệt với HPCA | H25: StructureLib trong TST_Computer | I25: src/main/java/com/Nxer/TwistSpaceTechnology/common/machine/TST_Computer.java | J25: src/main/java/com/Nxer/TwistSpaceTechnology/recipe/craftRecipe/machine/GTCMMachineRecipes.java:2071 | K25: https://github.com/Nxer/Twist-Space-Technology-Mod/blob/73571514cf8a1527db4975680456748ba32f373d/src/main/java/com/Nxer/TwistSpaceTechnology/common/machine/TST_Computer.java | L25: https://github.com/Nxer/Twist-Space-Technology-Mod/blob/73571514cf8a1527db4975680456748ba32f373d/src/main/java/com/Nxer/TwistSpaceTechnology/recipe/craftRecipe/machine/GTCMMachineRecipes.java#L2071 | M25: Review | N25: THÊM THEO ĐÁNH DẤU XANH: đưa lại backlog; phải audit cơ chế computation riêng trước khi chốt mapping HPCA.
A26: 22 | B26: LargeIndustrialCokingFactory | C26: TST_LargeIndustrialCokingFactory | D26: UHV | E26: 19021 | F26: Coking / pyrolysis công suất lớn | G26: GTCMRecipe.CokingFactoryRecipes: Raw Radox + 6 nhánh coking log; coil speed = 1/(coil tier+1); Integer.MAX_VALUE parallel | H26: StructureLib trong class controller | I26: src/main/java/com/Nxer/TwistSpaceTechnology/common/machine/TST_LargeIndustrialCokingFactory.java | J26: src/main/java/com/Nxer/TwistSpaceTechnology/recipe/craftRecipe/machine/GTCMMachineRecipes.java:1403 | K26: https://github.com/Nxer/Twist-Space-Technology-Mod/blob/73571514cf8a1527db4975680456748ba32f373d/src/main/java/com/Nxer/TwistSpaceTechnology/common/machine/TST_LargeIndustrialCokingFactory.java | L26: https://github.com/Nxer/Twist-Space-Technology-Mod/blob/73571514cf8a1527db4975680456748ba32f373d/src/main/java/com/Nxer/TwistSpaceTechnology/recipe/craftRecipe/machine/GTCMMachineRecipes.java#L1403 | M26: Review | N26: THÊM THEO ĐÁNH DẤU XANH: có recipe riêng đáng port; ưu tiên map recipe vào Coke/Pyrolyse hiện có và dùng Parallel Hatch, chỉ giữ controller riêng nếu coil progression còn cần thiết.
A27: 23 | B27: OreProcessingFactory | C27: TST_OreProcessingFactory | D27: UEV | E27: 19017 | F27: Dây chuyền xử lý quặng tự động | G27: Custom ore pipeline; thời gian cố định, tiêu thụ lubricant và tự chuyển input không phải quặng | H27: StructureLib trong controller; pipeline I/O chuyên dụng | I27: src/main/java/com/Nxer/TwistSpaceTechnology/system/OreProcess/machines/TST_OreProcessingFactory.java | J27: src/main/java/com/Nxer/TwistSpaceTechnology/recipe/craftRecipe/machine/GTCMMachineRecipes.java:1273 | K27: https://github.com/Nxer/Twist-Space-Technology-Mod/blob/73571514cf8a1527db4975680456748ba32f373d/src/main/java/com/Nxer/TwistSpaceTechnology/system/OreProcess/machines/TST_OreProcessingFactory.java | L27: https://github.com/Nxer/Twist-Space-Technology-Mod/blob/73571514cf8a1527db4975680456748ba32f373d/src/main/java/com/Nxer/TwistSpaceTechnology/recipe/craftRecipe/machine/GTCMMachineRecipes.java#L1273 | M27: Review | N27: THÊM THEO ĐÁNH DẤU XANH: có cơ chế pipeline riêng; audit đầy đủ trước khi mapping vào các large ore machine GCYM.
A28: 24 | B28: StarcoreMiner | C28: TST_StarcoreMiner | D28: UIV | E28: 19040 | F28: Khai thác quy mô lớn / starcore mining | G28: Custom mining logic; cần audit bán kính, tài nguyên và dimension rules | H28: StructureLib trong class controller | I28: src/main/java/com/Nxer/TwistSpaceTechnology/common/machine/TST_StarcoreMiner.java | J28: src/main/java/com/Nxer/TwistSpaceTechnology/recipe/craftRecipe/machine/GTCMMachineRecipes.java:2238 | K28: https://github.com/Nxer/Twist-Space-Technology-Mod/blob/73571514cf8a1527db4975680456748ba32f373d/src/main/java/com/Nxer/TwistSpaceTechnology/common/machine/TST_StarcoreMiner.java | L28: https://github.com/Nxer/Twist-Space-Technology-Mod/blob/73571514cf8a1527db4975680456748ba32f373d/src/main/java/com/Nxer/TwistSpaceTechnology/recipe/craftRecipe/machine/GTCMMachineRecipes.java#L2238 | M28: Review | N28: THÊM THEO ĐÁNH DẤU XANH: đưa lại backlog để đối chiếu cơ chế khai thác riêng với LARGE_MINER.
A29: 25 | B29: MeteorMiner | C29: TST_LaserMeteorMiner | D29: Cần xác minh | E29: 19072 | F29: Khai thác thiên thạch bằng schematic | G29: Custom mining loop + hai cấp Meteor Miner Schematic; recipe controller chưa xác minh | H29: StructureLib trong class controller | I29: src/main/java/com/Nxer/TwistSpaceTechnology/common/machine/TST_LaserMeteorMiner.java | J29: Chưa xác định — cần audit source recipe tạo controller | K29: https://github.com/Nxer/Twist-Space-Technology-Mod/blob/73571514cf8a1527db4975680456748ba32f373d/src/main/java/com/Nxer/TwistSpaceTechnology/common/machine/TST_LaserMeteorMiner.java | M29: Review | N29: THÊM THEO ĐÁNH DẤU XANH: giữ để mapping sau; phải xác minh recipe controller và tier trước khi triển khai.

Sheet Mapping GTCEu
A1: Mapping & checklist port GTCEu 1.20.1
A2: Backlog kỹ thuật cho 25 máy sau khi áp dụng quy tắc màu; cột trạng thái và độ phức tạp tiếp tục dùng cho các phase port.
A4: STT | B4: Máy TST | C4: Tier | D4: Mục tiêu gameplay | E4: Mapping/kiến trúc GTCEu đề xuất | F4: Độ phức tạp | G4: Trạng thái | H4: Owner | I4: Rủi ro chính | J4: Điểm bắt đầu code
A5: 1 | B5: GiantVacuumDryingFurnace | C5: ZPM | D5: Sấy chân không / khử nước | E5: Custom machine ghép vacuum drying và dehydrator; không có large-machine 1:1. | F5: High | G5: Backlog | I5: Cân bằng parallel/OC, recipe và pattern | J5: REGISTRATE.multiblock + WorkableElectricMultiblockMachine + MultiblockPatternBuilder + Predicates.abilities + RecipeModifier
A6: 2 | B6: NetherInterface | C6: ZPM | D6: Giao diện khai thác/tương tác Nether | E6: Custom dimension interface và recipe/output logic. | F6: High | G6: Backlog | I6: Cân bằng parallel/OC, recipe và pattern | J6: REGISTRATE.multiblock + WorkableElectricMultiblockMachine + MultiblockPatternBuilder + Predicates.abilities + RecipeModifier
A7: 3 | B7: HyperThermalConvector | C7: UV | D7: Trao đổi/chuyển đổi nhiệt đa chế độ | E7: Custom thermal conversion modes; recipe controller dùng TTRecipeAdder. | F7: High | G7: Backlog | I7: Cân bằng parallel/OC, recipe và pattern | J7: REGISTRATE.multiblock + WorkableElectricMultiblockMachine + MultiblockPatternBuilder + Predicates.abilities + RecipeModifier
A8: 4 | B8: MegaTreeFarm | C8: UHV | D8: Eco-sphere/tree farm đa chức năng | E8: Custom farming/ecosystem simulation; cô lập Thaumcraft/Forestry/Botania integrations. | F8: Very High | G8: Backlog | I8: Saved-data/capability hoặc dependency addon không có 1:1 | J8: REGISTRATE.multiblock + WorkableElectricMultiblockMachine + MultiblockPatternBuilder + Predicates.abilities + RecipeModifier
A9: 5 | B9: Disassembler | C9: UEV | D9: Tháo rã vật phẩm | E9: Custom recipe/data generation; cần quy tắc chống duplication và hoàn trả vật liệu. | F9: High | G9: Backlog | I9: Cân bằng parallel/OC, recipe và pattern | J9: REGISTRATE.multiblock + WorkableElectricMultiblockMachine + MultiblockPatternBuilder + Predicates.abilities + RecipeModifier
A10: 6 | B10: IncompactCyclotron | C10: UEV | D10: Cyclotron thu gọn | E10: Custom/addon recipe type; không có cyclotron multiblock trong GTCEu core. | F10: High | G10: Backlog | I10: Cân bằng parallel/OC, recipe và pattern | J10: REGISTRATE.multiblock + WorkableElectricMultiblockMachine + MultiblockPatternBuilder + Predicates.abilities + RecipeModifier
A11: 7 | B11: MegaStoneBreaker | C11: UEV | D11: Stone/rock breaker quy mô lớn | E11: Port recipe type riêng; không map sang ROCK_BREAKER_RECIPES. Giữ Parallel Hatch và modifier output ×4/×1024, kèm tiêu thụ water/lava theo tick đúng source. | F11: Medium | G11: Backlog | I11: Cân bằng parallel/OC, recipe và pattern | J11: REGISTRATE.multiblock + custom GTRecipeType + RecipeModifier cho parallel/output/fluid drain.
A12: 8 | B12: LargeNeutronOscillator | C12: UIV | D12: Neutron activator dùng EU | E12: Custom recipe property/state; port thành recipe type riêng. | F12: High | G12: Backlog | I12: Cân bằng parallel/OC, recipe và pattern | J12: REGISTRATE.multiblock + WorkableElectricMultiblockMachine + MultiblockPatternBuilder + Predicates.abilities + RecipeModifier
A13: 9 | B13: MegaNqReactor | C13: UIV | D13: Lò phản ứng Naquadah quy mô lớn | E13: Custom generator/fuel burn; không có large Naquadah reactor trong registry core đã rà. | F13: Very High | G13: Backlog | I13: Saved-data/capability hoặc dependency addon không có 1:1 | J13: REGISTRATE.multiblock + WorkableElectricMultiblockMachine + MultiblockPatternBuilder + Predicates.abilities + RecipeModifier
A14: 10 | B14: DSPLauncher | C14: UMV | D14: Phóng solar sail/node cho Dyson Sphere | E14: GIỮ SAU AUDIT SOURCE: custom DSP subsystem; recipe Solar Sail và Small Launch Vehicle → Empty Vehicle (99%), cập nhật sail/node trong saved-data theo owner/dimension. | F14: Very High | G14: Backlog | I14: Cần shared DSP saved-data, wireless EU, launch items và liên kết bắt buộc với DSPReceiver; GTCEu core không có tương đương. | J14: Port recipe type + launcher machine + DSP network service; giữ recipe và consumption đúng source.
A15: 11 | B15: DSPReceiver | C15: UMV | D15: Nhận công suất từ Dyson Sphere | E15: GIỮ SAU AUDIT SOURCE: dùng DSP power point; hai mode phát EU hoặc tạo Critical Photon, có Gravitational Lens và Astral Array overload; không có GTCEu core tương đương. | F15: Very High | G15: Backlog | I15: Phụ thuộc shared DSP saved-data và DSPLauncher; phải port power-point accounting, mode, coefficient và sync/persist. | J15: Port paired receiver + DSP network service + Critical Photon recipe/output contract.
A16: 12 | B16: MicroSpaceTimeFabricatorio | C16: UMV | D16: Gia công spacetime | E16: Custom GTRecipeType + multiblock pattern và modifier riêng. | F16: High | G16: Backlog | I16: Cân bằng parallel/OC, recipe và pattern | J16: REGISTRATE.multiblock + WorkableElectricMultiblockMachine + MultiblockPatternBuilder + Predicates.abilities + RecipeModifier
... A29: 25 | B29: MeteorMiner | C29: Cần xác minh | D29: Khai thác thiên thạch bằng schematic | E29: CẦN MAPPING: custom mining controller; giữ hai cấp schematic và xác minh recipe/tier trước. | F29: Very High | G29: Backlog | I29: Chưa xác định recipe controller; world/dimension mining và schematic state. | J29: Audit TST_LaserMeteorMiner, schematic items và registration recipe.

Sheet Đối chiếu large_machine
A1: Đã loại vì trùng large_machine GTCEu
A2: 26 controller còn bị loại khỏi backlog. Năm dòng người dùng đánh dấu xanh đã được chuyển sang backlog để audit cơ chế riêng trước khi mapping.
A4: STT | B4: Máy TST | C4: Tier/controller gate | D4: Class TST | E4: Large machine GTCEu thay thế | F4: Logic chung | G4: Khuyến nghị | H4: Bằng chứng TST | I4: Bằng chứng GTCEu | J4: URL TST | K4: URL GTCEu
A5: 1 | B5: AdvCircuitAssemblyLine | C5: ZPM | D5: TST_AdvCircuitAssemblyLine | E5: LARGE_ASSEMBLER + ASSEMBLY_LINE | F5: circuit assembler / assembly line | G5: LOẠI khỏi backlog controller mới; dùng/extend large machine GTCEu hiện có và chỉ port recipe hoặc modifier thật sự khác. | H5: src/main/java/com/Nxer/TwistSpaceTechnology/recipe/craftRecipe/machine/GTCMMachineRecipes.java:3046 | I5: src/main/java/com/gregtechceu/gtceu/common/data/machines/GTMultiMachines.java:411 | J5: https://github.com/Nxer/Twist-Space-Technology-Mod/blob/73571514cf8a1527db4975680456748ba32f373d/src/main/java/com/Nxer/TwistSpaceTechnology/recipe/craftRecipe/machine/GTCMMachineRecipes.java#L3046 | K5: https://github.com/GregTechCEu/GregTech-Modern/blob/8cd929b289460ed0c35f8b931b68dd8a518876d1/src/main/java/com/gregtechceu/gtceu/common/data/machines/GTMultiMachines.java#L411
A6: 2 | B6: BallLightning | C6: UEV | D6: TST_BallLightning | E6: LARGE_ARC_SMELTER + FUSION_REACTOR | F6: arc/plasma arc/fusion processing | G6: LOẠI khỏi backlog controller mới; dùng/extend large machine GTCEu hiện có và chỉ port recipe hoặc modifier thật sự khác. | H6: src/main/java/com/Nxer/TwistSpaceTechnology/recipe/craftRecipe/machine/GTCMMachineRecipes.java:2312 | I6: src/main/java/com/gregtechceu/gtceu/common/data/machines/GCYMMachines.java:347 | J6: https://github.com/Nxer/Twist-Space-Technology-Mod/blob/73571514cf8a1527db4975680456748ba32f373d/src/main/java/com/Nxer/TwistSpaceTechnology/recipe/craftRecipe/machine/GTCMMachineRecipes.java#L2312 | K6: https://github.com/GregTechCEu/GregTech-Modern/blob/8cd929b289460ed0c35f8b931b68dd8a518876d1/src/main/java/com/gregtechceu/gtceu/common/data/machines/GCYMMachines.java#L347
A7: 3 | B7: BiosphereIII | C7: UEV | D7: TST_BiosphereIII | E7: LARGE_BREWER | F7: brewing / fermentation | G7: LOẠI khỏi backlog controller mới; dùng/extend large machine GTCEu hiện có và chỉ port recipe hoặc modifier thật sự khác. | H7: src/main/java/com/Nxer/TwistSpaceTechnology/recipe/craftRecipe/machine/GTCMMachineRecipes.java:1550 | I7: src/main/java/com/gregtechceu/gtceu/common/data/machines/GCYMMachines.java:540 | J7: https://github.com/Nxer/Twist-Space-Technology-Mod/blob/73571514cf8a1527db4975680456748ba32f373d/src/main/java/com/Nxer/TwistSpaceTechnology/recipe/craftRecipe/machine/GTCMMachineRecipes.java#L1550 | K7: https://github.com/GregTechCEu/GregTech-Modern/blob/8cd929b289460ed0c35f8b931b68dd8a518876d1/src/main/java/com/gregtechceu/gtceu/common/data/machines/GCYMMachines.java#L540
A8: 4 | B8: CrystallineInfinitier | C8: UEV | D8: GTCM_CrystallineInfinitier | E8: LARGE_AUTOCLAVE + LARGE_CHEMICAL_BATH | F8: autoclave / chemical bath | G8: LOẠI khỏi backlog controller mới; dùng/extend large machine GTCEu hiện có và chỉ port recipe hoặc modifier thật sự khác. | H8: src/main/java/com/Nxer/TwistSpaceTechnology/recipe/craftRecipe/machine/GTCMMachineRecipes.java:1119 | I8: src/main/java/com/gregtechceu/gtceu/common/data/machines/GCYMMachines.java:486 | J8: https://github.com/Nxer/Twist-Space-Technology-Mod/blob/73571514cf8a1527db4975680456748ba32f373d/src/main/java/com/Nxer/TwistSpaceTechnology/recipe/craftRecipe/machine/GTCMMachineRecipes.java#L1119 | K8: https://github.com/GregTechCEu/GregTech-Modern/blob/8cd929b289460ed0c35f8b931b68dd8a518876d1/src/main/java/com/gregtechceu/gtceu/common/data/machines/GCYMMachines.java#L486
A9: 5 | B9: HephaestusAtelier | C9: UEV | D9: TST_HephaestusAtelier | E9: MULTI_SMELTER | F9: furnace / alloy smelter | G9: LOẠI khỏi backlog controller mới; dùng/extend large machine GTCEu hiện có và chỉ port recipe hoặc modifier thật sự khác. | H9: src/main/java/com/Nxer/TwistSpaceTechnology/recipe/craftRecipe/machine/GTCMMachineRecipes.java:1860 | I9: src/main/java/com/gregtechceu/gtceu/common/data/machines/GTMultiMachines.java:272 | J9: https://github.com/Nxer/Twist-Space-Technology-Mod/blob/73571514cf8a1527db4975680456748ba32f373d/src/main/java/com/Nxer/TwistSpaceTechnology/recipe/craftRecipe/machine/GTCMMachineRecipes.java#L1860 | K9: https://github.com/GregTechCEu/GregTech-Modern/blob/8cd929b289460ed0c35f8b931b68dd8a518876d1/src/main/java/com/gregtechceu/gtceu/common/data/machines/GTMultiMachines.java#L272
A10: 6 | B10: HolySeparator | C10: UHV | D10: GT_TileEntity_HolySeparator | E10: LARGE_CUTTER | F10: cutter / lathe | G10: LOẠI khỏi backlog controller mới; dùng/extend large machine GTCEu hiện có và chỉ port recipe hoặc modifier thật sự khác. | H10: src/main/java/com/Nxer/TwistSpaceTechnology/recipe/craftRecipe/machine/GTCMMachineRecipes.java:954 | I10: src/main/java/com/gregtechceu/gtceu/common/data/machines/GCYMMachines.java:570 | J10: https://github.com/Nxer/Twist-Space-Technology-Mod/blob/73571514cf8a1527db4975680456748ba32f373d/src/main/java/com/Nxer/TwistSpaceTechnology/recipe/craftRecipe/machine/GTCMMachineRecipes.java#L954 | K10: https://github.com/GregTechCEu/GregTech-Modern/blob/8cd929b289460ed0c35f8b931b68dd8a518876d1/src/main/java/com/gregtechceu/gtceu/common/data/machines/GCYMMachines.java#L570
A11: 7 | B11: IndistinctTentacle | C11: MAX | D11: TST_IndistinctTentacle | E11: LARGE_ASSEMBLER + ASSEMBLY_LINE | F11: assembler / assembly line | G11: LOẠI khỏi backlog controller mới; dùng/extend large machine GTCEu hiện có và chỉ port recipe hoặc modifier thật sự khác. | H11: src/main/java/com/Nxer/TwistSpaceTechnology/recipe/craftRecipe/machine/GTCMMachineRecipes.java:1607 | I11: src/main/java/com/gregtechceu/gtceu/common/data/machines/GCYMMachines.java:279 | J11: https://github.com/Nxer/Twist-Space-Technology-Mod/blob/73571514cf8a1527db4975680456748ba32f373d/src/main/java/com/Nxer/TwistSpaceTechnology/recipe/craftRecipe/machine/GTCMMachineRecipes.java#L1607 | K11: https://github.com/GregTechCEu/GregTech-Modern/blob/8cd929b289460ed0c35f8b931b68dd8a518876d1/src/main/java/com/gregtechceu/gtceu/common/data/machines/GCYMMachines.java#L279
A12: 8 | B12: IndistinctTentaclePrototypeMK2 | C12: MAX | D12: MM_IndistinctTentaclePrototypeMK2 | E12: LARGE_ASSEMBLER + ASSEMBLY_LINE | F12: assembler / assembly line | G12: LOẠI khỏi backlog controller mới; dùng/extend large machine GTCEu hiện có và chỉ port recipe hoặc modifier thật sự khác. | H12: src/main/java/com/Nxer/TwistSpaceTechnology/recipe/craftRecipe/machine/GTCMMachineRecipes.java:3179 | I12: src/main/java/com/gregtechceu/gtceu/common/data/machines/GCYMMachines.java:279 | J12: https://github.com/Nxer/Twist-Space-Technology-Mod/blob/73571514cf8a1527db4975680456748ba32f373d/src/main/java/com/Nxer/TwistSpaceTechnology/recipe/craftRecipe/machine/GTCMMachineRecipes.java#L3179 | K12: https://github.com/GregTechCEu/GregTech-Modern/blob/8cd929b289460ed0c35f8b931b68dd8a518876d1/src/main/java/com/gregtechceu/gtceu/common/data/machines/GCYMMachines.java#L279
A13: 9 | B13: IntegratedAssemblyMatrix | C13: UEV | D13: TST_IntegratedAssemblyMatrix | E13: ASSEMBLY_LINE | F13: assembly line; khác chủ yếu ở bypass research | G13: LOẠI khỏi backlog controller mới; dùng/extend large machine GTCEu hiện có và chỉ port recipe hoặc modifier thật sự khác. | H13: src/main/java/com/Nxer/TwistSpaceTechnology/recipe/craftRecipe/machine/GTCMMachineRecipes.java:3675 | I13: src/main/java/com/gregtechceu/gtceu/common/data/machines/GTMultiMachines.java:411 | J13: https://github.com/Nxer/Twist-Space-Technology-Mod/blob/73571514cf8a1527db4975680456748ba32f373d/src/main/java/com/Nxer/TwistSpaceTechnology/recipe/craftRecipe/machine/GTCMMachineRecipes.java#L3675 | K13: https://github.com/GregTechCEu/GregTech-Modern/blob/8cd929b289460ed0c35f8b931b68dd8a518876d1/src/main/java/com/gregtechceu/gtceu/common/data/machines/GTMultiMachines.java#L411
A14: 10 | B14: IntensifyChemicalDistorter | C14: UHV | D14: GT_TileEntity_IntensifyChemicalDistorter | E14: LARGE_CHEMICAL_REACTOR | F14: chemical reactor | G14: LOẠI khỏi backlog controller mới; dùng/extend large machine GTCEu hiện có và chỉ port recipe hoặc modifier thật sự khác. | H14: src/main/java/com/Nxer/TwistSpaceTechnology/recipe/craftRecipe/machine/GTCMMachineRecipes.java:293 | I14: src/main/java/com/gregtechceu/gtceu/common/data/machines/GTMultiMachines.java:187 | J14: https://github.com/Nxer/Twist-Space-Technology-Mod/blob/73571514cf8a1527db4975680456748ba32f373d/src/main/java/com/Nxer/TwistSpaceTechnology/recipe/craftRecipe/machine/GTCMMachineRecipes.java#L293 | K14: https://github.com/GregTechCEu/GregTech-Modern/blob/8cd929b289460ed0c35f8b931b68dd8a518876d1/src/main/java/com/gregtechceu/gtceu/common/data/machines/GTMultiMachines.java#L187
A15: 11 | B15: MagneticDomainConstructor | C15: UHV | D15: GT_TileEntity_MagneticDomainConstructor | E15: LARGE_ELECTROMAGNET | F15: electromagnetic separator / polarizer | G15: LOẠI khỏi backlog controller mới; dùng/extend large machine GTCEu hiện có và chỉ port recipe hoặc modifier thật sự khác. | H15: src/main/java/com/Nxer/TwistSpaceTechnology/recipe/craftRecipe/machine/GTCMMachineRecipes.java:875 | I15: src/main/java/com/gregtechceu/gtceu/common/data/machines/GCYMMachines.java:226 | J15: https://github.com/Nxer/Twist-Space-Technology-Mod/blob/73571514cf8a1527db4975680456748ba32f373d/src/main/java/com/Nxer/TwistSpaceTechnology/recipe/craftRecipe/machine/GTCMMachineRecipes.java#L875 | K15: https://github.com/GregTechCEu/GregTech-Modern/blob/8cd929b289460ed0c35f8b931b68dd8a518876d1/src/main/java/com/gregtechceu/gtceu/common/data/machines/GCYMMachines.java#L226
A16: 12 | B16: MagneticDrivePressureFormer | C16: UHV | D16: GT_TileEntity_MagneticDrivePressureFormer | E16: LARGE_MATERIAL_PRESS + LARGE_EXTRUDER | F16: bender / forming press / extruder / hammer | G16: LOẠI khỏi backlog controller mới; dùng/extend large machine GTCEu hiện có và chỉ port recipe hoặc modifier thật sự khác. | H16: src/main/java/com/Nxer/TwistSpaceTechnology/recipe/craftRecipe/machine/GTCMMachineRecipes.java:775 | I16: src/main/java/com/gregtechceu/gtceu/common/data/machines/GCYMMachines.java:513 | J16: https://github.com/Nxer/Twist-Space-Technology-Mod/blob/73571514cf8a1527db4975680456748ba32f373d/src/main/java/com/Nxer/TwistSpaceTechnology/recipe/craftRecipe/machine/GTCMMachineRecipes.java#L775 | K16: https://github.com/GregTechCEu/GregTech-Modern/blob/8cd929b289460ed0c35f8b931b68dd8a518876d1/src/main/java/com/gregtechceu/gtceu/common/data/machines/GCYMMachines.java#L513
... A30: 26 | B30: CoreDeviceOfHumanPowerGenerationFacility | C30: UHV | D30: TST_CoreDeviceOfHumanPowerGenerationFacility | E30: LARGE_BREWER + tiered FLUID_HEATER | F30: fluid heater; Perfect OC, coil speed bonus và unlimited parallel | G30: LOẠI controller khỏi backlog: source chỉ trả về fluidHeaterRecipes, không phát điện. GTCEu đã có Fluid Heater đơn khối và LARGE_BREWER chạy FLUID_HEATER_RECIPES với Parallel Hatch. Chỉ port recipe thật sự mới; không port infinite parallel. | H30: src/main/java/com/Nxer/TwistSpaceTechnology/common/machine/TST_CoreDeviceOfHumanPowerGenerationFacility.java:108 | I30: src/main/java/com/gregtechceu/gtceu/common/data/machines/GCYMMachines.java:540 | J30: https://github.com/Nxer/Twist-Space-Technology-Mod/blob/73571514cf8a1527db4975680456748ba32f373d/src/main/java/com/Nxer/TwistSpaceTechnology/common/machine/TST_CoreDeviceOfHumanPowerGenerationFacility.java#L108 | K30: https://github.com/GregTechCEu/GregTech-Modern/blob/8cd929b289460ed0c35f8b931b68dd8a518876d1/src/main/java/com/gregtechceu/gtceu/common/data/machines/GCYMMachines.java#L540

Sheet Ngoài phạm vi ZPM
A1: Controller ngoài phạm vi ZPM → endgame
A2: 23 controller còn ngoài phạm vi. MeteorMiner đã được chuyển sang backlog theo đánh dấu xanh nhưng vẫn phải xác minh recipe controller và tier.
A4: STT | B4: Máy / controller | C4: Class | D4: Meta ID | E4: Lý do loại phạm vi | F4: Class path | G4: MachineLoader line | H4: URL class
A5: 1 | B5: AdvancedMegaOilCracker | C5: TST_AdvancedMegaOilCracker | D5: 19027 | E5: Không có bằng chứng mở khóa ZPM+ đáng tin cậy trong recipe tạo controller, hoặc controller thuộc giai đoạn thấp hơn. | F5: src/main/java/com/Nxer/TwistSpaceTechnology/common/machine/TST_AdvancedMegaOilCracker.java | G5: 259 | H5: https://github.com/Nxer/Twist-Space-Technology-Mod/blob/73571514cf8a1527db4975680456748ba32f373d/src/main/java/com/Nxer/TwistSpaceTechnology/common/machine/TST_AdvancedMegaOilCracker.java
A6: 2 | B6: BigBroArray | C6: TST_BigBroArray | D6: 19049 | E6: Không có bằng chứng mở khóa ZPM+ đáng tin cậy trong recipe tạo controller, hoặc controller thuộc giai đoạn thấp hơn. | F6: src/main/java/com/Nxer/TwistSpaceTechnology/common/machine/TST_BigBroArray.java | G6: 367 | H6: https://github.com/Nxer/Twist-Space-Technology-Mod/blob/73571514cf8a1527db4975680456748ba32f373d/src/main/java/com/Nxer/TwistSpaceTechnology/common/machine/TST_BigBroArray.java
A7: 3 | B7: BloodyHell | C7: TST_BloodyHell | D7: 19061 | E7: Không có bằng chứng mở khóa ZPM+ đáng tin cậy trong recipe tạo controller, hoặc controller thuộc giai đoạn thấp hơn. | F7: src/main/java/com/Nxer/TwistSpaceTechnology/common/machine/TST_BloodyHell.java | G7: 486 | H7: https://github.com/Nxer/Twist-Space-Technology-Mod/blob/73571514cf8a1527db4975680456748ba32f373d/src/main/java/com/Nxer/TwistSpaceTechnology/common/machine/TST_BloodyHell.java
A8: 4 | B8: CircuitConverter | C8: TST_CircuitConverter | D8: 19020 | E8: Không có bằng chứng mở khóa ZPM+ đáng tin cậy trong recipe tạo controller, hoặc controller thuộc giai đoạn thấp hơn. | F8: src/main/java/com/Nxer/TwistSpaceTechnology/system/CircuitConverter/machines/TST_CircuitConverter.java | G8: 224 | H8: https://github.com/Nxer/Twist-Space-Technology-Mod/blob/73571514cf8a1527db4975680456748ba32f373d/src/main/java/com/Nxer/TwistSpaceTechnology/system/CircuitConverter/machines/TST_CircuitConverter.java
A9: 5 | B9: ElvenWorkshop | C9: GTCM_ElvenWorkshop | D9: 19500 | E9: Không có bằng chứng mở khóa ZPM+ đáng tin cậy trong recipe tạo controller, hoặc controller thuộc giai đoạn thấp hơn. | F9: src/main/java/com/Nxer/TwistSpaceTechnology/common/machine/GTCM_ElvenWorkshop.java | G9: 233 | H9: https://github.com/Nxer/Twist-Space-Technology-Mod/blob/73571514cf8a1527db4975680456748ba32f373d/src/main/java/com/Nxer/TwistSpaceTechnology/common/machine/GTCM_ElvenWorkshop.java
A10: 6 | B10: ExtremeCraftCenter | C10: TST_MegaCraftingCenter | D10: 19052 | E10: Không có bằng chứng mở khóa ZPM+ đáng tin cậy trong recipe tạo controller, hoặc controller thuộc giai đoạn thấp hơn. | F10: src/main/java/com/Nxer/TwistSpaceTechnology/common/machine/TST_MegaCraftingCenter.java | G10: 391 | H10: https://github.com/Nxer/Twist-Space-Technology-Mod/blob/73571514cf8a1527db4975680456748ba32f373d/src/main/java/com/Nxer/TwistSpaceTechnology/common/machine/TST_MegaCraftingCenter.java
A11: 7 | B11: EyeOfWood | C11: TST_EyeOfWood | D11: 19034 | E11: Không có bằng chứng mở khóa ZPM+ đáng tin cậy trong recipe tạo controller, hoặc controller thuộc giai đoạn thấp hơn. | F11: src/main/java/com/Nxer/TwistSpaceTechnology/common/machine/TST_EyeOfWood.java | G11: 295 | H11: https://github.com/Nxer/Twist-Space-Technology-Mod/blob/73571514cf8a1527db4975680456748ba32f373d/src/main/java/com/Nxer/TwistSpaceTechnology/common/machine/TST_EyeOfWood.java
A12: 8 | B12: IndustrialAlchemyTower | C12: TST_IndustrialAlchemyTower | D12: 19064 | E12: Không có bằng chứng mở khóa ZPM+ đáng tin cậy trong recipe tạo controller, hoặc controller thuộc giai đoạn thấp hơn. | F12: src/main/java/com/Nxer/TwistSpaceTechnology/common/machine/TST_IndustrialAlchemyTower.java | G12: 513 | H12: https://github.com/Nxer/Twist-Space-Technology-Mod/blob/73571514cf8a1527db4975680456748ba32f373d/src/main/java/com/Nxer/TwistSpaceTechnology/common/machine/TST_IndustrialAlchemyTower.java
A13: 9 | B13: IndustrialMagicMatrix | C13: GT_TileEntity_IndustrialMagicMatrix | D13: 19047 | E13: Không có bằng chứng mở khóa ZPM+ đáng tin cậy trong recipe tạo controller, hoặc controller thuộc giai đoạn thấp hơn. | F13: src/main/java/com/Nxer/TwistSpaceTechnology/common/machine/GT_TileEntity_IndustrialMagicMatrix.java | G13: 346 | H13: https://github.com/Nxer/Twist-Space-Technology-Mod/blob/73571514cf8a1527db4975680456748ba32f373d/src/main/java/com/Nxer/TwistSpaceTechnology/common/machine/GT_TileEntity_IndustrialMagicMatrix.java
A14: 10 | B14: IndustrialMagnetarSeparator | C14: TST_IndustrialMagnetarSeparator | D14: 19050 | E14: Không có bằng chứng mở khóa ZPM+ đáng tin cậy trong recipe tạo controller, hoặc controller thuộc giai đoạn thấp hơn. | F14: src/main/java/com/Nxer/TwistSpaceTechnology/common/machine/TST_IndustrialMagnetarSeparator.java | G14: 370 | H14: https://github.com/Nxer/Twist-Space-Technology-Mod/blob/73571514cf8a1527db4975680456748ba32f373d/src/main/java/com/Nxer/TwistSpaceTechnology/common/machine/TST_IndustrialMagnetarSeparator.java
A15: 11 | B15: InfusionMaterialDispenser | C15: TST_InfusionMaterialDispenser | D15: 19075 | E15: Không có bằng chứng mở khóa ZPM+ đáng tin cậy trong recipe tạo controller, hoặc controller thuộc giai đoạn thấp hơn. | F15: src/main/java/com/Nxer/TwistSpaceTechnology/common/machine/TST_InfusionMaterialDispenser.java | G15: 615 | H15: https://github.com/Nxer/Twist-Space-Technology-Mod/blob/73571514cf8a1527db4975680456748ba32f373d/src/main/java/com/Nxer/TwistSpaceTechnology/common/machine/TST_InfusionMaterialDispenser.java
A16: 12 | B16: LargeSolarBoiler | C16: TST_LargeSolarBoiler | D16: 19076 | E16: Không có bằng chứng mở khóa ZPM+ đáng tin cậy trong recipe tạo controller, hoặc controller thuộc giai đoạn thấp hơn. | F16: src/main/java/com/Nxer/TwistSpaceTechnology/common/machine/GeneratorMultis/TST_LargeSolarBoiler.java | G16: 625 | H16: https://github.com/Nxer/Twist-Space-Technology-Mod/blob/73571514cf8a1527db4975680456748ba32f373d/src/main/java/com/Nxer/TwistSpaceTechnology/common/machine/GeneratorMultis/TST_LargeSolarBoiler.java
... A27: 23 | B27: UniversalGenerator | C27: TST_UniversalGenerator | D27: 19074 | E27: Không có bằng chứng mở khóa ZPM+ đáng tin cậy trong recipe tạo controller, hoặc controller thuộc giai đoạn thấp hơn. | F27: src/main/java/com/Nxer/TwistSpaceTechnology/common/machine/GeneratorMultis/TST_UniversalGenerator.java | G27: 608 | H27: https://github.com/Nxer/Twist-Space-Technology-Mod/blob/73571514cf8a1527db4975680456748ba32f373d/src/main/java/com/Nxer/TwistSpaceTechnology/common/machine/GeneratorMultis/TST_UniversalGenerator.java

Sheet GTCEu API tham chiếu
A1: GTCEu 1.20.1 API / code anchors
A2: Các path được kiểm tra tại commit ghi trong sheet Phương pháp & nguồn.
A4: Chủ đề | B4: Class/API/registry | C4: Path trong GregTech Modern | D4: Cách dùng khi port | E4: URL source | F4: Ghi chú
A5: Đăng ký multiblock | B5: MultiblockMachineBuilder | C5: src/main/java/com/gregtechceu/gtceu/api/registry/registrate/MultiblockMachineBuilder.java | D5: Đăng ký definition, pattern, recipe types/modifiers | E5: https://github.com/GregTechCEu/GregTech-Modern/blob/8cd929b289460ed0c35f8b931b68dd8a518876d1/src/main/java/com/gregtechceu/gtceu/api/registry/registrate/MultiblockMachineBuilder.java | F5: Nền tảng controller mới
A6: Pattern | B6: MultiblockPatternBuilder | C6: src/main/java/com/gregtechceu/gtceu/api/multiblock/pattern/MultiblockPatternBuilder.java | D6: Chuyển StructureLib shape sang aisle/where | E6: https://github.com/GregTechCEu/GregTech-Modern/blob/8cd929b289460ed0c35f8b931b68dd8a518876d1/src/main/java/com/gregtechceu/gtceu/api/multiblock/pattern/MultiblockPatternBuilder.java | F6: Không port StructureLib trực tiếp
A7: Hatch/ability | B7: Predicates + PartAbility | C7: src/main/java/com/gregtechceu/gtceu/api/multiblock/Predicates.java | D7: Items/fluids/energy/laser/computation/data | E7: https://github.com/GregTechCEu/GregTech-Modern/blob/8cd929b289460ed0c35f8b931b68dd8a518876d1/src/main/java/com/gregtechceu/gtceu/api/multiblock/Predicates.java | F7: Đặt giới hạn ability rõ ràng
A8: Máy xử lý | B8: WorkableElectricMultiblockMachine | C8: src/main/java/com/gregtechceu/gtceu/api/machine/multiblock/WorkableElectricMultiblockMachine.java | D8: Base cho processor | E8: https://github.com/GregTechCEu/GregTech-Modern/blob/8cd929b289460ed0c35f8b931b68dd8a518876d1/src/main/java/com/gregtechceu/gtceu/api/machine/multiblock/WorkableElectricMultiblockMachine.java | F8: Gắn RecipeModifier
A9: Recipe scaling | B9: RecipeModifier | C9: src/main/java/com/gregtechceu/gtceu/api/recipe/modifier/RecipeModifier.java | D9: Parallel, EU/t, duration, OC và điều kiện custom | E9: https://github.com/GregTechCEu/GregTech-Modern/blob/8cd929b289460ed0c35f8b931b68dd8a518876d1/src/main/java/com/gregtechceu/gtceu/api/recipe/modifier/RecipeModifier.java | F9: Không copy ProcessingLogic 1.7.10
A10: Recipe types | B10: GTRecipeTypes | C10: src/main/java/com/gregtechceu/gtceu/common/data/GTRecipeTypes.java | D10: Tái dùng recipe type khi semantics khớp | E10: https://github.com/GregTechCEu/GregTech-Modern/blob/8cd929b289460ed0c35f8b931b68dd8a518876d1/src/main/java/com/gregtechceu/gtceu/common/data/GTRecipeTypes.java | F10: Custom type khi không khớp
A11: Registry core | B11: GTMultiMachines | C11: src/main/java/com/gregtechceu/gtceu/common/data/machines/GTMultiMachines.java | D11: Đối chiếu EBF, LCR, vacuum, distillation, miner, cleanroom… | E11: https://github.com/GregTechCEu/GregTech-Modern/blob/8cd929b289460ed0c35f8b931b68dd8a518876d1/src/main/java/com/gregtechceu/gtceu/common/data/machines/GTMultiMachines.java | F11: Nguồn loại máy trùng
A12: Registry GCYM | B12: GCYMMachines | C12: src/main/java/com/gregtechceu/gtceu/common/data/machines/GCYMMachines.java | D12: Đối chiếu large processors | E12: https://github.com/GregTechCEu/GregTech-Modern/blob/8cd929b289460ed0c35f8b931b68dd8a518876d1/src/main/java/com/gregtechceu/gtceu/common/data/machines/GCYMMachines.java | F12: Nguồn loại máy trùng
A13: Computation | B13: GTResearchMachines / HPCA | C13: src/main/java/com/gregtechceu/gtceu/common/data/machines/GTResearchMachines.java | D13: HPCA và computation abilities | E13: https://github.com/GregTechCEu/GregTech-Modern/blob/8cd929b289460ed0c35f8b931b68dd8a518876d1/src/main/java/com/gregtechceu/gtceu/common/data/machines/GTResearchMachines.java | F13: Thay Astral Computing Array
A14: Fluid Heater overlap | B14: FLUID_HEATER + LARGE_BREWER | C14: GTMachines.java:261; GCYMMachines.java:540 | D14: Tiered Fluid Heater có sẵn; LARGE_BREWER nhận FLUID_HEATER_RECIPES và hỗ trợ Parallel Hatch | E14: https://github.com/GregTechCEu/GregTech-Modern/blob/8cd929b289460ed0c35f8b931b68dd8a518876d1/src/main/java/com/gregtechceu/gtceu/common/data/machines/GCYMMachines.java#L540 | F14: Lý do loại Core Device khỏi backlog controller mới

Sheet Phương pháp & nguồn
A1: Phương pháp, phạm vi & nguồn
A2: Tiêu chí lọc có thể audit và lặp lại khi source thay đổi.
A4: Mục | B4: Chi tiết | D4: Confidence | E4: Ý nghĩa | F4: Hành động
A5: TST repository | B5: https://github.com/Nxer/Twist-Space-Technology-Mod | D5: High | E5: Có controller class và recipe/gate source trực tiếp | F5: Có thể bắt đầu port
A6: TST commit | B6: 73571514cf8a1527db4975680456748ba32f373d | D6: Medium | E6: Feature/code rõ nhưng recipe/progression còn thiếu | F6: Xác minh config/pack trước
A7: GTCEu repository | B7: https://github.com/GregTechCEu/GregTech-Modern/tree/1.20.1 | D7: Low | E7: Chỉ suy luận từ tên/tooltip | F7: Không đưa vào danh sách chính
A8: GTCEu commit | B8: 8cd929b289460ed0c35f8b931b68dd8a518876d1
A9: Bước 1 — inventory | B9: Bóc toàn bộ GTCMItemList.*.set(...) trong MachineLoader, bỏ block comment; xác nhận multiblock qua inheritance/structure definition.
A10: Bước 2 — lọc stage | B10: Đọc đúng block recipe tạo controller. Mốc mở khóa ước tính là tier cao hơn giữa recipe EU/t và linh kiện tiered bắt buộc; recipe shaped/Thaumcraft/TTRecipeAdder được xử lý riêng.
A11: Bước 3 — loại trùng | B11: So recipe maps/getAvailableRecipeMaps và chức năng lõi với GTMultiMachines, GCYMMachines và GTResearchMachines/HPCA. Nếu large machine hiện có làm cùng việc, loại khỏi backlog controller mới.
A12: Không loại chỉ vì single-block | B12: Nếu GTCEu chỉ có machine đơn hoặc recipe type nhưng chưa có large-machine tương ứng, vẫn giữ multiblock TST để port.
A13: Kết quả audit | B13: 77 active = 25 backlog + 26 loại trùng + 23 ngoài phạm vi + 3 người dùng loại theo màu đỏ.
A14: File Excel người dùng | B14: File (2) là backlog/quyết định; file Full chỉ bổ sung bố cục. Machine facts phải xác minh bằng source TST và GTCEu.
A15: Ngoại lệ | B15: HyperSpacetimeTransformer: active controller + recipe maps nhưng chưa thấy recipe chế tạo controller; giữ confidence Medium để không bỏ sót code endgame.
A16: Quy tắc màu đỏ | B16: Xóa machine khỏi danh sách và mapping.
A17: Quy tắc màu vàng | B17: Audit source TST/GTCEu; chỉ giữ khi có recipe hoặc cơ chế riêng đáng port.
A18: Quy tắc màu xanh | B18: Đưa machine vào backlog để audit và mapping trong phase sau.
A19: Hiệu chỉnh Core Device | B19: TST_CoreDeviceOfHumanPowerGenerationFacility.getRecipeMap() trả về fluidHeaterRecipes; Perfect OC/infinite parallel/coil bonus không biến nó thành máy phát điện. | D19: High | E19: GTCEu đã có tiered Fluid Heater và LARGE_BREWER nhận FLUID_HEATER_RECIPES + Parallel Hatch. | F19: Chuyển sang overlap; không port controller/infinite parallel, chỉ port recipe thật sự mới nếu có.

Sheet GTCEu có sẵn
A1: BLOCK/CASING ĐÃ CÓ TRONG GTCEu MODERN 1.20.1
A2: ‘DÙNG TRỰC TIẾP’ có thể lấy ngay. ‘GTCEu TƯƠNG ĐƯƠNG’ cùng vai trò hoặc màu nhưng cần kiểm tra semantic/balance trước khi thay registry TST/GT5.
A3: Tổng mapping | B3: 41 | C3: Dùng trực tiếp | D3: =COUNTIF(D7:D47,"DÙNG TRỰC TIẾP") -> 31 | E3: GTCEu tương đương | F3: =COUNTIF(D7:D47,"GTCEu TƯƠNG ĐƯƠNG") -> 10 | G3: Còn thiếu texture | H3: =COUNTIF('Block casing & texture'!Q7:Q414,"KHÔNG TÌM THẤY") -> 0
A4: Nguồn đối chiếu: registry GTBlocks/GCYMBlocks và assets trong source GTCEu Modern tại D:/tmp/GTCEu. Danh sách chỉ chứa mapping xuất hiện trong structure của 25 máy.
A6: Block/casing TST/GT5 | B6: Meta | C6: Tên cũ | D6: Mức mapping | E6: Lấy luôn? | F6: Block GTCEu 1.20.1 | G6: Máy sử dụng | H6: Tổng vị trí | I6: Texture/resource GTCEu | J6: Source GTCEu | K6: Ghi chú
A7: Blocks.bedrock | B7: 0 | C7: Bedrock | D7: DÙNG TRỰC TIẾP | E7: CÓ | F7: Blocks.BEDROCK | G7: StarcoreMiner | H7: 0 | I7: minecraft:block/bedrock | J7: D:/tmp/GTCEu/src/main/java/com/gregtechceu/gtceu/common/data/GTBlocks.java | K7: Vanilla block có sẵn trong GTCEu runtime.
A8: Blocks.obsidian | B8: 0 | C8: Obsidian | D8: DÙNG TRỰC TIẾP | E8: CÓ | F8: Blocks.OBSIDIAN | G8: NetherInterface | H8: 0 | I8: minecraft:block/obsidian | J8: D:/tmp/GTCEu/src/main/java/com/gregtechceu/gtceu/common/data/GTBlocks.java | K8: Vanilla block có sẵn trong GTCEu runtime.
A9: Block.getBlockById(1) | B9: 0 | C9: Stone | D9: DÙNG TRỰC TIẾP | E9: CÓ | F9: Blocks.STONE | G9: AstralComputingArray | H9: 0 | I9: minecraft:block/stone | J9: D:/tmp/GTCEu/src/main/java/com/gregtechceu/gtceu/common/data/GTBlocks.java | K9: Block ID 1 trong 1.7.10 là Stone.
A10: sBlockCasings2 | B10: 1 | C10: Frostproof Machine Casing | D10: DÙNG TRỰC TIẾP | E10: CÓ | F10: GTBlocks.CASING_ALUMINIUM_FROSTPROOF | G10: GiantVacuumDryingFurnace, HyperThermalConvector | H10: 364 | I10: gtceu:block/casings/solid/machine_casing_frost_proof | J10: D:/tmp/GTCEu/src/main/java/com/gregtechceu/gtceu/common/data/GTBlocks.java | K10: Casing chuẩn GTCEu.
A11: sBlockCasings1 | B11: 10 | C11: Bronze Plated Bricks | D11: DÙNG TRỰC TIẾP | E11: CÓ | F11: GTBlocks.CASING_BRONZE_BRICKS | G11: MegaTreeFarm | H11: 1150 | I11: gtceu:block/casings/solid/machine_casing_bronze_plated_bricks | J11: D:/tmp/GTCEu/src/main/java/com/gregtechceu/gtceu/common/data/GTBlocks.java | K11: Casing gốc GT5 được GTCEu Modern giữ lại.
A12: sBlockCasings1 | B12: 11 | C12: Heatproof Machine Casing | D12: DÙNG TRỰC TIẾP | E12: CÓ | F12: GTBlocks.CASING_INVAR_HEATPROOF | G12: StarcoreMiner | H12: 0 | I12: gtceu:block/casings/solid/machine_casing_heatproof | J12: D:/tmp/GTCEu/src/main/java/com/gregtechceu/gtceu/common/data/GTBlocks.java | K12: Cùng vai trò và cùng family texture.
A13: sBlockCasings8 | B13: 1 | C13: PTFE Pipe Casing | D13: DÙNG TRỰC TIẾP | E13: CÓ | F13: GTBlocks.CASING_POLYTETRAFLUOROETHYLENE_PIPE | G13: GiantVacuumDryingFurnace | H13: 74 | I13: gtceu:block/casings/pipe/machine_casing_pipe_polytetrafluoroethylene | J13: D:/tmp/GTCEu/src/main/java/com/gregtechceu/gtceu/common/data/GTBlocks.java | K13: Casing chuẩn GTCEu.
A14: sBlockCasings8 | B14: 0 | C14: Chemically Inert PTFE Casing | D14: DÙNG TRỰC TIẾP | E14: CÓ | F14: GTBlocks.CASING_PTFE_INERT | G14: GiantVacuumDryingFurnace | H14: 222 | I14: gtceu:block/casings/solid/machine_casing_inert_ptfe | J14: D:/tmp/GTCEu/src/main/java/com/gregtechceu/gtceu/common/data/GTBlocks.java | K14: Casing chuẩn GTCEu.
A15: sBlockCasings4 | B15: 1 | C15: Clean Stainless Steel Casing | D15: DÙNG TRỰC TIẾP | E15: CÓ | F15: GTBlocks.CASING_STAINLESS_CLEAN | G15: GiantVacuumDryingFurnace, LargeNeutronOscillator, MegaTreeFarm, OreProcessingFactory | H15: 1422 | I15: gtceu:block/casings/solid/machine_casing_clean_stainless_steel | J15: D:/tmp/GTCEu/src/main/java/com/gregtechceu/gtceu/common/data/GTBlocks.java | K15: Casing chuẩn GTCEu.
A16: sBlockCasings2 | B16: 0 | C16: Solid Steel Machine Casing | D16: DÙNG TRỰC TIẾP | E16: CÓ | F16: GTBlocks.CASING_STEEL_SOLID | G16: NetherInterface | H16: 0 | I16: gtceu:block/casings/solid/machine_casing_solid_steel | J16: D:/tmp/GTCEu/src/main/java/com/gregtechceu/gtceu/common/data/GTBlocks.java | K16: Casing chuẩn GTCEu.
A17: sBlockCasings2 | B17: 4 | C17: Titanium Gearbox Casing | D17: DÙNG TRỰC TIẾP | E17: CÓ | F17: GTBlocks.CASING_TITANIUM_GEARBOX | G17: OreProcessingFactory | H17: 512 | I17: gtceu:block/casings/gearbox/machine_casing_gearbox_titanium | J17: D:/tmp/GTCEu/src/main/java/com/gregtechceu/gtceu/common/data/GTBlocks.java | K17: Casing chuẩn GTCEu.
A18: sBlockCasings2 | B18: 5 | C18: Tungstensteel Gearbox Casing | D18: DÙNG TRỰC TIẾP | E18: CÓ | F18: GTBlocks.CASING_TUNGSTENSTEEL_GEARBOX | G18: DeployedNanoCore, Disassembler | H18: 810 | I18: gtceu:block/casings/gearbox/machine_casing_gearbox_tungstensteel | J18: D:/tmp/GTCEu/src/main/java/com/gregtechceu/gtceu/common/data/GTBlocks.java | K18: Casing chuẩn GTCEu.
... A47: Materials.CosmicNeutronium | B47: * | C47: Cosmic Neutronium Frame | D47: GTCEu TƯƠNG ĐƯƠNG | E47: CÓ | F47: Predicates.frames(GTMaterials.Neutronium) | G47: DSPLauncher, Disassembler, HyperThermalConvector, MegaStoneBreaker | H47: 169 | I47: GT material frame texture + Neutronium tint | J47: D:/tmp/GTCEu/src/main/java/com/gregtechceu/gtceu/common/data/GTBlocks.java | K47: Có mất mát tier/chủ đề; chỉ dùng nếu không tạo material Cosmic Neutronium riêng.

Sheet Block casing & texture
A1: DANH SÁCH BLOCK/CASING VÀ TEXTURE GỐC – 25 MÁY TST
A2: Structure đọc trực tiếp từ 25 class TST. Texture gốc lấy từ TST/GT5; 11 dòng thiếu đã được xử lý bằng block GTCEu/vanilla hoặc texture TST Modern thiết kế mới.
A3: Số máy | B3: =COUNTA('Danh sách máy'!A5:A29) -> 25 | C3: Tổng dòng | D3: =COUNTA(B7:B414) -> 408 | E3: Đã có texture | F3: =COUNTIF(Q7:Q414,"<>KHÔNG TÌM THẤY") -> 408 | G3: Còn thiếu | H3: =COUNTIF(Q7:Q414,"KHÔNG TÌM THẤY") -> 0 | I3: File texture đã copy | J3: =SUM(O7:O414) -> 989
A4: Quy ước trạng thái mới: xanh lá = dùng trực tiếp; xanh dương = GTCEu tương đương; tím = texture TST Modern thiết kế mới; đỏ = vẫn thiếu. Sheet ‘GTCEu có sẵn’ liệt kê các block có thể tái sử dụng.
A6: STT máy | B6: Máy | C6: Tier | D6: Class TST | E6: Structure piece (số vị trí) | F6: Ký tự | G6: Số block | H6: Lựa chọn | I6: Loại | J6: Block / casing gốc | K6: Meta | L6: Source structure | M6: Dòng | N6: Texture nguồn | O6: Số texture | P6: Folder texture của máy | Q6: Trạng thái | R6: Ghi chú
A7: 1 | B7: GiantVacuumDryingFurnace | C7: ZPM | D7: TST_GiantVacuumDryingFurnace | E7: STRUCTURE_PIECE_VP (50); STRUCTURE_PIECE_DTB (14); STRUCTURE_PIECE_DTM (14) | F7: A | G7: 78 | H7: 1 | I7: glass_family | J7: chainAllGlasses() | L7: TST/src/main/java/com/Nxer/TwistSpaceTechnology/common/machine/TST_GiantVacuumDryingFurnace.java | M7: 245 | N7: D:\tmp\GT5\src\main\resources\assets\bartworks\textures\blocks\BoronSilicateGlassBlock.png D:\tmp\GT5\src\main\resources\assets\bartworks\textures\blocks\ColoredBoronSilicateGlassBlock1.png D:\tmp\GT5\src\main\resources\assets\bartworks\textures\blocks\ColoredBoronSilicateGlassBlock2.png (+47 file khác trong folder máy) | O7: 50 | P7: texture_block_casing/01_GiantVacuumDryingFurnace | Q7: ĐÃ TÌM THẤY | R7: Family động: GT5 chấp nhận nhiều loại kính; đã gom các texture kính hiện diện trong monorepo GT5.
A8: 1 | B8: GiantVacuumDryingFurnace | C8: ZPM | D8: TST_GiantVacuumDryingFurnace | E8: STRUCTURE_PIECE_VP (168) | F8: S | G8: 168 | H8: 1 | I8: block | J8: GregTechAPI.sBlockCasings4 | K8: 1 | L8: TST/src/main/java/com/Nxer/TwistSpaceTechnology/common/machine/TST_GiantVacuumDryingFurnace.java | M8: 246 | N8: D:\tmp\GT5\src\main\resources\assets\gregtech\textures\blocks\iconsets\MACHINE_CASING_CLEAN_STAINLESSSTEEL.png | O8: 1 | P8: texture_block_casing/01_GiantVacuumDryingFurnace | Q8: ĐÃ TÌM THẤY | R8: Texture truy ngược từ block/meta trong source.
A9: 1 | B9: GiantVacuumDryingFurnace | C9: ZPM | D9: TST_GiantVacuumDryingFurnace | E9: STRUCTURE_PIECE_DTB (16); STRUCTURE_PIECE_DTM (7); STRUCTURE_PIECE_DTH (11) | F9: G | G9: 34 | H9: 1 | I9: block | J9: GregTechAPI.sBlockCasings8 | K9: 1 | L9: TST/src/main/java/com/Nxer/TwistSpaceTechnology/common/machine/TST_GiantVacuumDryingFurnace.java | M9: 247 | N9: D:\tmp\GT5\src\main\resources\assets\gregtech\textures\blocks\iconsets\MACHINE_CASING_PIPE_POLYTETRAFLUOROETHYLENE.png | O9: 1 | P9: texture_block_casing/01_GiantVacuumDryingFurnace | Q9: ĐÃ TÌM THẤY | R9: Texture truy ngược từ block/meta trong source.
A10: 1 | B10: GiantVacuumDryingFurnace | C10: ZPM | D10: TST_GiantVacuumDryingFurnace | E10: STRUCTURE_PIECE_VP (81); STRUCTURE_PIECE_DTB (121); STRUCTURE_PIECE_DTH (20) | F10: V | G10: 222 | H10: 1 | I10: block | J10: GregTechAPI.sBlockCasings8 | K10: 0 | L10: TST/src/main/java/com/Nxer/TwistSpaceTechnology/common/machine/TST_GiantVacuumDryingFurnace.java | M10: 248 | N10: D:\tmp\GT5\src\main\resources\assets\gregtech\textures\blocks\iconsets\MACHINE_CASING_CHEMICALLY_INERT.png | O10: 1 | P10: texture_block_casing/01_GiantVacuumDryingFurnace | Q10: ĐÃ TÌM THẤY | R10: Texture truy ngược từ block/meta trong source.
A11: 1 | B11: GiantVacuumDryingFurnace | C11: ZPM | D11: TST_GiantVacuumDryingFurnace | E11: STRUCTURE_PIECE_DTB (30); STRUCTURE_PIECE_DTM (56); STRUCTURE_PIECE_DTH (16) | F11: I | G11: 102 | H11: 1 | I11: block | J11: GregTechAPI.sBlockCasings8 | K11: 7 | L11: TST/src/main/java/com/Nxer/TwistSpaceTechnology/common/machine/TST_GiantVacuumDryingFurnace.java | M11: 249 | N11: D:\tmp\GT5\src\main\resources\assets\gregtech\textures\blocks\iconsets\MACHINE_CASING_IRIDIUM.png | O11: 1 | P11: texture_block_casing/01_GiantVacuumDryingFurnace | Q11: ĐÃ TÌM THẤY | R11: Texture truy ngược từ block/meta trong source.
A12: 1 | B12: GiantVacuumDryingFurnace | C12: ZPM | D12: TST_GiantVacuumDryingFurnace | E12: STRUCTURE_PIECE_DTB (60) | F12: F | G12: 60 | H12: 1 | I12: block | J12: GregTechAPI.sBlockCasings2 | K12: 1 | L12: TST/src/main/java/com/Nxer/TwistSpaceTechnology/common/machine/TST_GiantVacuumDryingFurnace.java | M12: 250 | N12: D:\tmp\GT5\src\main\resources\assets\gregtech\textures\blocks\iconsets\MACHINE_CASING_FROST_PROOF.png | O12: 1 | P12: texture_block_casing/01_GiantVacuumDryingFurnace | Q12: ĐÃ TÌM THẤY | R12: Texture truy ngược từ block/meta trong source.
A13: 1 | B13: GiantVacuumDryingFurnace | C13: ZPM | D13: TST_GiantVacuumDryingFurnace | E13: STRUCTURE_PIECE_DTB (40) | F13: H | G13: 40 | H13: 1 | I13: block | J13: GregTechAPI.sBlockCasings8 | K13: 1 | L13: TST/src/main/java/com/Nxer/TwistSpaceTechnology/common/machine/TST_GiantVacuumDryingFurnace.java | M13: 251 | N13: D:\tmp\GT5\src\main\resources\assets\gregtech\textures\blocks\iconsets\MACHINE_CASING_PIPE_POLYTETRAFLUOROETHYLENE.png | O13: 1 | P13: texture_block_casing/01_GiantVacuumDryingFurnace | Q13: ĐÃ TÌM THẤY | R13: Texture truy ngược từ block/meta trong source.
A14: 1 | B14: GiantVacuumDryingFurnace | C14: ZPM | D14: TST_GiantVacuumDryingFurnace | E14: STRUCTURE_PIECE_DTB (36); STRUCTURE_PIECE_DTM (36) | F14: J | G14: 72 | H14: 1 | I14: block | J14: ModBlocks.blockCasings4Misc | K14: 10 | L14: TST/src/main/java/com/Nxer/TwistSpaceTechnology/common/machine/TST_GiantVacuumDryingFurnace.java | M14: 252 | N14: D:\tmp\GT5\src\main\resources\assets\gregtech\textures\blocks\iconsets\VACUUM_CASING_TOP.png D:\tmp\GT5\src\main\resources\assets\gregtech\textures\blocks\iconsets\VACUUM_CASING_SIDE.png | O14: 2 | P14: texture_block_casing/01_GiantVacuumDryingFurnace | Q14: ĐÃ TÌM THẤY | R14: Texture truy ngược từ block/meta trong source.
A15: 1 | B15: GiantVacuumDryingFurnace | C15: ZPM | D15: TST_GiantVacuumDryingFurnace | E15: STRUCTURE_PIECE_DTM (104) | F15: C | G15: 104 | H15: 1 | I15: block | J15: GregTechAPI.sBlockCasings5 | K15: 0 | L15: TST/src/main/java/com/Nxer/TwistSpaceTechnology/common/machine/TST_GiantVacuumDryingFurnace.java | M15: 254 | N15: D:\tmp\GT5\src\main\resources\assets\gregtech\textures\blocks\iconsets\MACHINE_COIL_CUPRONICKEL_BACKGROUND.png | O15: 1 | P15: texture_block_casing/01_GiantVacuumDryingFurnace | Q15: ĐÃ TÌM THẤY | R15: Texture truy ngược từ block/meta trong source.
A16: 1 | B16: GiantVacuumDryingFurnace | C16: ZPM | D16: TST_GiantVacuumDryingFurnace | E16: STRUCTURE_PIECE_DTM (104) | F16: C | G16: 104 | H16: 1 | I16: block | J16: GregTechAPI.sBlockCasings5 | K16: 1 | L16: TST/src/main/java/com/Nxer/TwistSpaceTechnology/common/machine/TST_GiantVacuumDryingFurnace.java | M16: 254 | N16: D:\tmp\GT5\src\main\resources\assets\gregtech\textures\blocks\iconsets\MACHINE_COIL_KANTHAL_BACKGROUND.png | O16: 1 | P16: texture_block_casing/01_GiantVacuumDryingFurnace | Q16: ĐÃ TÌM THẤY | R16: Texture truy ngược từ block/meta trong source.
A17: 1 | B17: GiantVacuumDryingFurnace | C17: ZPM | D17: TST_GiantVacuumDryingFurnace | E17: STRUCTURE_PIECE_DTM (104) | F17: C | G17: 104 | H17: 1 | I17: block | J17: GregTechAPI.sBlockCasings5 | K17: 2 | L17: TST/src/main/java/com/Nxer/TwistSpaceTechnology/common/machine/TST_GiantVacuumDryingFurnace.java | M17: 254 | N17: D:\tmp\GT5\src\main\resources\assets\gregtech\textures\blocks\iconsets\MACHINE_COIL_NICHROME_BACKGROUND.png | O17: 1 | P17: texture_block_casing/01_GiantVacuumDryingFurnace | Q17: ĐÃ TÌM THẤY | R17: Texture truy ngược từ block/meta trong source.
A18: 1 | B18: GiantVacuumDryingFurnace | C18: ZPM | D18: TST_GiantVacuumDryingFurnace | E18: STRUCTURE_PIECE_DTM (104) | F18: C | G18: 104 | H18: 1 | I18: block | J18: GregTechAPI.sBlockCasings5 | K18: 3 | L18: TST/src/main/java/com/Nxer/TwistSpaceTechnology/common/machine/TST_GiantVacuumDryingFurnace.java | M18: 254 | N18: D:\tmp\GT5\src\main\resources\assets\gregtech\textures\blocks\iconsets\MACHINE_COIL_TUNGSTENSTEEL_BACKGROUND.png | O18: 1 | P18: texture_block_casing/01_GiantVacuumDryingFurnace | Q18: ĐÃ TÌM THẤY | R18: Texture truy ngược từ block/meta trong source.
A19: 1 | B19: GiantVacuumDryingFurnace | C19: ZPM | D19: TST_GiantVacuumDryingFurnace | E19: STRUCTURE_PIECE_DTM (104) | F19: C | G19: 104 | H19: 1 | I19: block | J19: GregTechAPI.sBlockCasings5 | K19: 4 | L19: TST/src/main/java/com/Nxer/TwistSpaceTechnology/common/machine/TST_GiantVacuumDryingFurnace.java | M19: 254 | N19: D:\tmp\GT5\src\main\resources\assets\gregtech\textures\blocks\iconsets\MACHINE_COIL_HSSG_BACKGROUND.png | O19: 1 | P19: texture_block_casing/01_GiantVacuumDryingFurnace | Q19: ĐÃ TÌM THẤY | R19: Texture truy ngược từ block/meta trong source.
... A30: 2 | B30: NetherInterface | C30: ZPM | D30: TST_NetherInterface | E30: (shape nạp động/không đếm được) | F30: A | G30: 0 | H30: 1 | I30: block | J30: GregTechAPI.sBlockCasings2 | K30: 0 | L30: TST/src/main/java/com/Nxer/TwistSpaceTechnology/common/machine/TST_NetherInterface.java | M30: 225 | N30: D:\tmp\GT5\src\main\resources\assets\gregtech\textures\blocks\iconsets\MACHINE_CASING_SOLID_STEEL.png | O30: 1 | P30: texture_block_casing/02_NetherInterface | Q30: ĐÃ TÌM THẤY | R30: Texture truy ngược từ block/meta trong source.
A31: 2 | B31: NetherInterface | C31: ZPM | D31: TST_NetherInterface | E31: (shape nạp động/không đếm được) | F31: B | G31: 0 | H31: 1 | I31: frame | J31: Materials.Obsidian | L31: TST/src/main/java/com/Nxer/TwistSpaceTechnology/common/machine/TST_NetherInterface.java | M31: 235 | N31: D:\tmp\GT5\src\main\resources\assets\gregtech\textures\blocks\materialicons\NONE\frameGt.png | O31: 1 | P31: texture_block_casing/02_NetherInterface | Q31: ĐÃ TÌM THẤY | R31: Texture truy ngược từ block/meta trong source.
A32: 2 | B32: NetherInterface | C32: ZPM | D32: TST_NetherInterface | E32: (shape nạp động/không đếm được) | F32: C | G32: 0 | H32: 1 | I32: block | J32: MetaBlockCasing02 | K32: 5 | L32: TST/src/main/java/com/Nxer/TwistSpaceTechnology/common/machine/TST_NetherInterface.java | M32: 236 | N32: D:\tmp\TST\src\main\resources\assets\gtnhcommunitymod\textures\blocks\MetaBlockCasing02\5.png | O32: 1 | P32: texture_block_casing/02_NetherInterface | Q32: ĐÃ TÌM THẤY | R32: Texture truy ngược từ block/meta trong source.
A33: 2 | B33: NetherInterface | C33: ZPM | D33: TST_NetherInterface | E33: (shape nạp động/không đếm được) | F33: D | G33: 0 | H33: 1 | I33: block | J33: Blocks.obsidian | K33: 0 | L33: TST/src/main/java/com/Nxer/TwistSpaceTechnology/common/machine/TST_NetherInterface.java | M33: 237 | N33: C:/Users/mtien/.gradle/caches/forge_gradle/minecraft_repo/versions/1.20.1/client-extra.jar!/assets/minecraft/textures/block/obsidian.png | O33: 1 | P33: texture_block_casing/02_NetherInterface | Q33: DÙNG TRỰC TIẾP | R33: Block vanilla có sẵn trong môi trường GTCEu 1.20.1. Target: Blocks.OBSIDIAN
A34: 3 | B34: HyperThermalConvector | C34: UV | D34: TST_HyperThermalConvector | E34: STRUCTURE_PIECE_MAIN (21); STRUCTURE_PIECE_OLD (21) | F34: A | G34: 42 | H34: 1 | I34: unresolved | J34: ofBlock( getMaterialBlock(MaterialsAlloy.HS188A, BasicBlock.BlockTypes.STANDARD) != null ? getMaterialBlock(MaterialsAlloy.HS188A, BasicBlock.BlockTypes.STANDARD) : Blocks.stone, 0) | L34: TST/src/main/java/com/Nxer/TwistSpaceTechnology/common/machine/TST_HyperThermalConvector.java | M34: 139 | N34: D:\tmp\GT5\src\main\resources\assets\gregtech\textures\blocks\materialicons\NONE\block1.png | O34: 1 | P34: texture_block_casing/03_HyperThermalConvector | Q34: ĐÃ TÌM THẤY | R34: Texture truy ngược từ block/meta trong source.
A35: 3 | B35: HyperThermalConvector | C35: UV | D35: TST_HyperThermalConvector | E35: STRUCTURE_PIECE_MAIN (21); STRUCTURE_PIECE_OLD (21) | F35: B | G35: 42 | H35: 1 | I35: unresolved | J35: ofBlock( getMaterialBlock(MaterialsAlloy.QUANTUM, BasicBlock.BlockTypes.STANDARD) != null ? getMaterialBlock(MaterialsAlloy.QUANTUM, BasicBlock.BlockTypes.STANDARD) : Blocks.stone, 0) | L35: TST/src/main/java/com/Nxer/TwistSpaceTechnology/common/machine/TST_HyperThermalConvector.java | M35: 146 | N35: D:\tmp\GT5\src\main\resources\assets\gregtech\textures\blocks\materialicons\NONE\block1.png | O35: 1 | P35: texture_block_casing/03_HyperThermalConvector | Q35: ĐÃ TÌM THẤY | R35: Texture truy ngược từ block/meta trong source.
A36: 3 | B36: HyperThermalConvector | C36: UV | D36: TST_HyperThermalConvector | E36: STRUCTURE_PIECE_MAIN (346); STRUCTURE_PIECE_OLD (346) | F36: C | G36: 692 | H36: 1 | I36: block | J36: GregTechAPI.sBlockCasings10 | K36: 11 | L36: TST/src/main/java/com/Nxer/TwistSpaceTechnology/common/machine/TST_HyperThermalConvector.java | M36: 153 | N36: D:\tmp\GT5\src\main\resources\assets\gregtech\textures\blocks\iconsets\EXTREME_DENSITY_CASING.png | O36: 1 | P36: texture_block_casing/03_HyperThermalConvector | Q36: ĐÃ TÌM THẤY | R36: Texture truy ngược từ block/meta trong source.
A37: 3 | B37: HyperThermalConvector | C37: UV | D37: TST_HyperThermalConvector | E37: STRUCTURE_PIECE_MAIN (152); STRUCTURE_PIECE_OLD (152) | F37: D | G37: 304 | H37: 1 | I37: block | J37: GregTechAPI.sBlockCasings2 | K37: 1 | L37: TST/src/main/java/com/Nxer/TwistSpaceTechnology/common/machine/TST_HyperThermalConvector.java | M37: 154 | N37: D:\tmp\GT5\src\main\resources\assets\gregtech\textures\blocks\iconsets\MACHINE_CASING_FROST_PROOF.png | O37: 1 | P37: texture_block_casing/03_HyperThermalConvector | Q37: ĐÃ TÌM THẤY | R37: Texture truy ngược từ block/meta trong source.
A38: 3 | B38: HyperThermalConvector | C38: UV | D38: TST_HyperThermalConvector | E38: STRUCTURE_PIECE_MAIN (157); STRUCTURE_PIECE_OLD (157) | F38: E | G38: 314 | H38: 1 | I38: block | J38: GregTechAPI.sBlockCasings4 | K38: 14 | L38: TST/src/main/java/com/Nxer/TwistSpaceTechnology/common/machine/TST_HyperThermalConvector.java | M38: 155 | N38: D:\tmp\GT5\src\main\resources\assets\gregtech\textures\blocks\iconsets\MACHINE_CASING_MINING_OSMIRIDIUM.png | O38: 1 | P38: texture_block_casing/03_HyperThermalConvector | Q38: ĐÃ TÌM THẤY | R38: Texture truy ngược từ block/meta trong source.
A39: 3 | B39: HyperThermalConvector | C39: UV | D39: TST_HyperThermalConvector | E39: STRUCTURE_PIECE_MAIN (30); STRUCTURE_PIECE_OLD (30) | F39: F | G39: 60 | H39: 1 | I39: block | J39: GregTechAPI.sBlockCasings6 | K39: 10 | L39: TST/src/main/java/com/Nxer/TwistSpaceTechnology/common/machine/TST_HyperThermalConvector.java | M39: 156 | N39: D:\tmp\GT5\src\main\resources\assets\gregtech\textures\blocks\iconsets\MACHINE_CASING_TANK_10.png | O39: 1 | P39: texture_block_casing/03_HyperThermalConvector | Q39: ĐÃ TÌM THẤY | R39: Texture truy ngược từ block/meta trong source.
A40: 3 | B40: HyperThermalConvector | C40: UV | D40: TST_HyperThermalConvector | E40: STRUCTURE_PIECE_MAIN (382); STRUCTURE_PIECE_OLD (381) | F40: G | G40: 763 | H40: 1 | I40: block | J40: GregTechAPI.sBlockCasings8 | K40: 7 | L40: TST/src/main/java/com/Nxer/TwistSpaceTechnology/common/machine/TST_HyperThermalConvector.java | M40: 157 | N40: D:\tmp\GT5\src\main\resources\assets\gregtech\textures\blocks\iconsets\MACHINE_CASING_IRIDIUM.png | O40: 1 | P40: texture_block_casing/03_HyperThermalConvector | Q40: ĐÃ TÌM THẤY | R40: Texture truy ngược từ block/meta trong source.
A41: 3 | B41: HyperThermalConvector | C41: UV | D41: TST_HyperThermalConvector | E41: STRUCTURE_PIECE_MAIN (174); STRUCTURE_PIECE_OLD (174) | F41: H | G41: 348 | H41: 1 | I41: block | J41: GregTechAPI.sBlockCasings8 | K41: 10 | L41: TST/src/main/java/com/Nxer/TwistSpaceTechnology/common/machine/TST_HyperThermalConvector.java | M41: 158 | N41: D:\tmp\GT5\src\main\resources\assets\gregtech\textures\blocks\iconsets\MACHINE_CASING_RADIANT_NAQUADAH_ALLOY.png | O41: 1 | P41: texture_block_casing/03_HyperThermalConvector | Q41: ĐÃ TÌM THẤY | R41: Texture truy ngược từ block/meta trong source.
A42: 3 | B42: HyperThermalConvector | C42: UV | D42: TST_HyperThermalConvector | E42: STRUCTURE_PIECE_MAIN (9); STRUCTURE_PIECE_OLD (9) | F42: I | G42: 18 | H42: 1 | I42: block | J42: GregTechAPI.sBlockCasings9 | K42: 1 | L42: TST/src/main/java/com/Nxer/TwistSpaceTechnology/common/machine/TST_HyperThermalConvector.java | M42: 159 | N42: D:\tmp\GT5\src\main\resources\assets\gregtech\textures\blocks\iconsets\MACHINE_CASING_VENT_T2.png | O42: 1 | P42: texture_block_casing/03_HyperThermalConvector | Q42: ĐÃ TÌM THẤY | R42: Texture truy ngược từ block/meta trong source.
A43: 3 | B43: HyperThermalConvector | C43: UV | D43: TST_HyperThermalConvector | E43: STRUCTURE_PIECE_MAIN (10); STRUCTURE_PIECE_OLD (10) | F43: J | G43: 20 | H43: 1 | I43: frame | J43: Materials.Iridium | L43: TST/src/main/java/com/Nxer/TwistSpaceTechnology/common/machine/TST_HyperThermalConvector.java | M43: 160 | N43: D:\tmp\GT5\src\main\resources\assets\gregtech\textures\blocks\materialicons\NONE\frameGt.png | O43: 1 | P43: texture_block_casing/03_HyperThermalConvector | Q43: ĐÃ TÌM THẤY | R43: Texture truy ngược từ block/meta trong source.
A44: 3 | B44: HyperThermalConvector | C44: UV | D44: TST_HyperThermalConvector | E44: STRUCTURE_PIECE_MAIN (19); STRUCTURE_PIECE_OLD (19) | F44: K | G44: 38 | H44: 1 | I44: frame | J44: Materials.CosmicNeutronium | L44: TST/src/main/java/com/Nxer/TwistSpaceTechnology/common/machine/TST_HyperThermalConvector.java | M44: 161 | N44: D:\tmp\GT5\src\main\resources\assets\gregtech\textures\blocks\materialicons\CUSTOM\cosmicneutronium\frameGt.png | O44: 1 | P44: texture_block_casing/03_HyperThermalConvector | Q44: ĐÃ TÌM THẤY | R44: Texture truy ngược từ block/meta trong source.
A45: 3 | B45: HyperThermalConvector | C45: UV | D45: TST_HyperThermalConvector | E45: STRUCTURE_PIECE_MAIN (84); STRUCTURE_PIECE_OLD (84) | F45: L | G45: 168 | H45: 1 | I45: block | J45: Loaders.pressureResistantWalls | K45: 0 | L45: TST/src/main/java/com/Nxer/TwistSpaceTechnology/common/machine/TST_HyperThermalConvector.java | M45: 162 | N45: D:\tmp\GT5\src\main\resources\assets\goodgenerator\textures\blocks\pressureResistantWalls.png | O45: 1 | P45: texture_block_casing/03_HyperThermalConvector | Q45: ĐÃ TÌM THẤY | R45: Texture truy ngược từ block/meta trong source.
A46: 3 | B46: HyperThermalConvector | C46: UV | D46: TST_HyperThermalConvector | E46: STRUCTURE_PIECE_MAIN (393); STRUCTURE_PIECE_OLD (393) | F46: M | G46: 786 | H46: 1 | I46: block | J46: GregTechAPI.sBlockCasingsDyson | K46: 9 | L46: TST/src/main/java/com/Nxer/TwistSpaceTechnology/common/machine/TST_HyperThermalConvector.java | M46: 163 | N46: D:\tmp\GT5\src\main\resources\assets\gtnhintergalactic\textures\blocks\dysonSwarm\Floor.png D:\tmp\GT5\src\main\resources\assets\gtnhintergalactic\textures\blocks\dysonSwarm\Floor_Side.png | O46: 2 | P46: texture_block_casing/03_HyperThermalConvector | Q46: ĐÃ TÌM THẤY | R46: Texture truy ngược từ block/meta trong source.
A47: 3 | B47: HyperThermalConvector | C47: UV | D47: TST_HyperThermalConvector | E47: STRUCTURE_PIECE_MAIN (60); STRUCTURE_PIECE_OLD (61) | F47: N | G47: 121 | H47: 1 | I47: block | J47: TstBlocks.MetaBlockCasing02 | K47: 2 | L47: TST/src/main/java/com/Nxer/TwistSpaceTechnology/common/machine/TST_HyperThermalConvector.java | M47: 164 | N47: D:\tmp\TST\src\main\resources\assets\gtnhcommunitymod\textures\blocks\MetaBlockCasing02\2.png | O47: 1 | P47: texture_block_casing/03_HyperThermalConvector | Q47: ĐÃ TÌM THẤY | R47: Texture truy ngược từ block/meta trong source.
A48: 3 | B48: HyperThermalConvector | C48: UV | D48: TST_HyperThermalConvector | E48: STRUCTURE_PIECE_MAIN (63); STRUCTURE_PIECE_OLD (63) | F48: O | G48: 126 | H48: 1 | I48: block | J48: TstBlocks.MetaBlockCasing02 | K48: 3 | L48: TST/src/main/java/com/Nxer/TwistSpaceTechnology/common/machine/TST_HyperThermalConvector.java | M48: 165 | N48: D:\tmp\TST\src\main\resources\assets\gtnhcommunitymod\textures\blocks\MetaBlockCasing02\3.png | O48: 1 | P48: texture_block_casing/03_HyperThermalConvector | Q48: ĐÃ TÌM THẤY | R48: Texture truy ngược từ block/meta trong source.
A49: 3 | B49: HyperThermalConvector | C49: UV | D49: TST_HyperThermalConvector | E49: STRUCTURE_PIECE_MAIN (240); STRUCTURE_PIECE_OLD (240) | F49: P | G49: 480 | H49: 1 | I49: block | J49: TstBlocks.MetaBlockCasing02 | K49: 4 | L49: TST/src/main/java/com/Nxer/TwistSpaceTechnology/common/machine/TST_HyperThermalConvector.java | M49: 166 | N49: D:\tmp\TST\src\main\resources\assets\gtnhcommunitymod\textures\blocks\MetaBlockCasing02\4.png | O49: 1 | P49: texture_block_casing/03_HyperThermalConvector | Q49: ĐÃ TÌM THẤY | R49: Texture truy ngược từ block/meta trong source.
A50: 3 | B50: HyperThermalConvector | C50: UV | D50: TST_HyperThermalConvector | E50: STRUCTURE_PIECE_MAIN (48); STRUCTURE_PIECE_OLD (48) | F50: Q | G50: 96 | H50: 1 | I50: block | J50: GregTechAPI.sBlockCasings2 | K50: 8 | L50: TST/src/main/java/com/Nxer/TwistSpaceTechnology/common/machine/TST_HyperThermalConvector.java | M50: 167 | N50: D:\tmp\GT5\src\main\resources\assets\gregtech\textures\blocks\iconsets\MACHINE_CASING_CONTAINMENT_FIELD.png | O50: 1 | P50: texture_block_casing/03_HyperThermalConvector | Q50: ĐÃ TÌM THẤY | R50: Texture truy ngược từ block/meta trong source.
A51: 3 | B51: HyperThermalConvector | C51: UV | D51: TST_HyperThermalConvector | E51: STRUCTURE_PIECE_MAIN (1); STRUCTURE_PIECE_OLD (1) | F51: R | G51: 2 | H51: 1 | I51: block | J51: TstBlocks.MetaBlockCasing02 | K51: 2 | L51: TST/src/main/java/com/Nxer/TwistSpaceTechnology/common/machine/TST_HyperThermalConvector.java | M51: 168 | N51: D:\tmp\TST\src\main\resources\assets\gtnhcommunitymod\textures\blocks\MetaBlockCasing02\2.png | O51: 1 | P51: texture_block_casing/03_HyperThermalConvector | Q51: ĐÃ TÌM THẤY | R51: Texture truy ngược từ block/meta trong source.
A52: 3 | B52: HyperThermalConvector | C52: UV | D52: TST_HyperThermalConvector | E52: STRUCTURE_PIECE_MAIN (1); STRUCTURE_PIECE_OLD (1) | F52: S | G52: 2 | H52: 1 | I52: block | J52: TstBlocks.MetaBlockCasing02 | K52: 2 | L52: TST/src/main/java/com/Nxer/TwistSpaceTechnology/common/machine/TST_HyperThermalConvector.java | M52: 175 | N52: D:\tmp\TST\src\main\resources\assets\gtnhcommunitymod\textures\blocks\MetaBlockCasing02\2.png | O52: 1 | P52: texture_block_casing/03_HyperThermalConvector | Q52: ĐÃ TÌM THẤY | R52: Texture truy ngược từ block/meta trong source.
A53: 3 | B53: HyperThermalConvector | C53: UV | D53: TST_HyperThermalConvector | E53: STRUCTURE_PIECE_MAIN (1); STRUCTURE_PIECE_OLD (1) | F53: T | G53: 2 | H53: 1 | I53: block | J53: TstBlocks.MetaBlockCasing02 | K53: 2 | L53: TST/src/main/java/com/Nxer/TwistSpaceTechnology/common/machine/TST_HyperThermalConvector.java | M53: 182 | N53: D:\tmp\TST\src\main\resources\assets\gtnhcommunitymod\textures\blocks\MetaBlockCasing02\2.png | O53: 1 | P53: texture_block_casing/03_HyperThermalConvector | Q53: ĐÃ TÌM THẤY | R53: Texture truy ngược từ block/meta trong source.
A54: 3 | B54: HyperThermalConvector | C54: UV | D54: TST_HyperThermalConvector | E54: STRUCTURE_PIECE_MAIN (1); STRUCTURE_PIECE_OLD (1) | F54: U | G54: 2 | H54: 1 | I54: block | J54: TstBlocks.MetaBlockCasing02 | K54: 2 | L54: TST/src/main/java/com/Nxer/TwistSpaceTechnology/common/machine/TST_HyperThermalConvector.java | M54: 189 | N54: D:\tmp\TST\src\main\resources\assets\gtnhcommunitymod\textures\blocks\MetaBlockCasing02\2.png | O54: 1 | P54: texture_block_casing/03_HyperThermalConvector | Q54: ĐÃ TÌM THẤY | R54: Texture truy ngược từ block/meta trong source.
A55: 4 | B55: MegaTreeFarm | C55: UHV | D55: TST_MegaTreeFarm | E55: STRUCTURE_PIECE_MAIN (1252); STRUCTURE_PIECE_MAIN1 (1252) | F55: A | G55: 2504 | H55: 1 | I55: glass_family | J55: chainAllGlasses() | L55: TST/src/main/java/com/Nxer/TwistSpaceTechnology/common/machine/TST_MegaTreeFarm.java | M55: 404 | N55: D:\tmp\GT5\src\main\resources\assets\bartworks\textures\blocks\BoronSilicateGlassBlock.png D:\tmp\GT5\src\main\resources\assets\bartworks\textures\blocks\ColoredBoronSilicateGlassBlock1.png D:\tmp\GT5\src\main\resources\assets\bartworks\textures\blocks\ColoredBoronSilicateGlassBlock2.png (+47 file khác trong folder máy) | O55: 50 | P55: texture_block_casing/04_MegaTreeFarm | Q55: ĐÃ TÌM THẤY | R55: Family động: GT5 chấp nhận nhiều loại kính; đã gom các texture kính hiện diện trong monorepo GT5.
A56: 4 | B56: MegaTreeFarm | C56: UHV | D56: TST_MegaTreeFarm | E56: STRUCTURE_PIECE_MAIN (497); STRUCTURE_PIECE_MAIN1 (497) | F56: B | G56: 994 | H56: 1 | I56: block | J56: MetaBlockCasing01 | K56: 9 | L56: TST/src/main/java/com/Nxer/TwistSpaceTechnology/common/machine/TST_MegaTreeFarm.java | M56: 405 | N56: D:\tmp\TST\src\main\resources\assets\gtnhcommunitymod\textures\blocks\MetaBlockCasing01\9.png | O56: 1 | P56: texture_block_casing/04_MegaTreeFarm | Q56: ĐÃ TÌM THẤY | R56: Texture truy ngược từ block/meta trong source.
A57: 4 | B57: MegaTreeFarm | C57: UHV | D57: TST_MegaTreeFarm | E57: STRUCTURE_PIECE_MAIN (436); STRUCTURE_PIECE_MAIN1 (436) | F57: C | G57: 872 | H57: 1 | I57: block | J57: MetaBlockCasing01 | K57: 10 | L57: TST/src/main/java/com/Nxer/TwistSpaceTechnology/common/machine/TST_MegaTreeFarm.java | M57: 406 | N57: D:\tmp\TST\src\main\resources\assets\gtnhcommunitymod\textures\blocks\MetaBlockCasing01\10.png | O57: 1 | P57: texture_block_casing/04_MegaTreeFarm | Q57: ĐÃ TÌM THẤY | R57: Texture truy ngược từ block/meta trong source.
A58: 4 | B58: MegaTreeFarm | C58: UHV | D58: TST_MegaTreeFarm | E58: STRUCTURE_PIECE_MAIN (1150) | F58: D | G58: 1150 | H58: 1 | I58: block | J58: GregTechAPI.sBlockCasings1 | K58: 10 | L58: TST/src/main/java/com/Nxer/TwistSpaceTechnology/common/machine/TST_MegaTreeFarm.java | M58: 407 | N58: D:\tmp\GT5\src\main\resources\assets\gregtech\textures\blocks\iconsets\MACHINE_BRONZEPLATEDBRICKS.png | O58: 1 | P58: texture_block_casing/04_MegaTreeFarm | Q58: ĐÃ TÌM THẤY | R58: Texture truy ngược từ block/meta trong source.
A59: 4 | B59: MegaTreeFarm | C59: UHV | D59: TST_MegaTreeFarm | E59: STRUCTURE_PIECE_MAIN1 (1150) | F59: d | G59: 1150 | H59: 1 | I59: block | J59: GregTechAPI.sBlockCasings4 | K59: 1 | L59: TST/src/main/java/com/Nxer/TwistSpaceTechnology/common/machine/TST_MegaTreeFarm.java | M59: 408 | N59: D:\tmp\GT5\src\main\resources\assets\gregtech\textures\blocks\iconsets\MACHINE_CASING_CLEAN_STAINLESSSTEEL.png | O59: 1 | P59: texture_block_casing/04_MegaTreeFarm | Q59: ĐÃ TÌM THẤY | R59: Texture truy ngược từ block/meta trong source.
A60: 4 | B60: MegaTreeFarm | C60: UHV | D60: TST_MegaTreeFarm | E60: STRUCTURE_PIECE_MAIN (176); STRUCTURE_PIECE_MAIN1 (176) | F60: E | G60: 352 | H60: 1 | I60: block | J60: GregTechAPI.sBlockCasings8 | K60: 5 | L60: TST/src/main/java/com/Nxer/TwistSpaceTechnology/common/machine/TST_MegaTreeFarm.java | M60: 409 | N60: D:\tmp\GT5\src\main\resources\assets\gregtech\textures\blocks\iconsets\MACHINE_CASING_ADVANCEDRADIATIONPROOF.png | O60: 1 | P60: texture_block_casing/04_MegaTreeFarm | Q60: ĐÃ TÌM THẤY | R60: Texture truy ngược từ block/meta trong source.
A61: 4 | B61: MegaTreeFarm | C61: UHV | D61: TST_MegaTreeFarm | E61: STRUCTURE_PIECE_MAIN (52); STRUCTURE_PIECE_MAIN1 (52) | F61: F | G61: 104 | H61: 1 | I61: block | J61: GregTechAPI.sBlockCasings8 | K61: 10 | L61: TST/src/main/java/com/Nxer/TwistSpaceTechnology/common/machine/TST_MegaTreeFarm.java | M61: 410 | N61: D:\tmp\GT5\src\main\resources\assets\gregtech\textures\blocks\iconsets\MACHINE_CASING_RADIANT_NAQUADAH_ALLOY.png | O61: 1 | P61: texture_block_casing/04_MegaTreeFarm | Q61: ĐÃ TÌM THẤY | R61: Texture truy ngược từ block/meta trong source.
A62: 4 | B62: MegaTreeFarm | C62: UHV | D62: TST_MegaTreeFarm | E62: STRUCTURE_PIECE_MAIN (325); STRUCTURE_PIECE_MAIN1 (325) | F62: G | G62: 650 | H62: 1 | I62: block | J62: GregTechAPI.sBlockCasings9 | K62: 1 | L62: TST/src/main/java/com/Nxer/TwistSpaceTechnology/common/machine/TST_MegaTreeFarm.java | M62: 411 | N62: D:\tmp\GT5\src\main\resources\assets\gregtech\textures\blocks\iconsets\MACHINE_CASING_VENT_T2.png | O62: 1 | P62: texture_block_casing/04_MegaTreeFarm | Q62: ĐÃ TÌM THẤY | R62: Texture truy ngược từ block/meta trong source.
A63: 4 | B63: MegaTreeFarm | C63: UHV | D63: TST_MegaTreeFarm | E63: STRUCTURE_PIECE_MAIN (759) | F63: H | G63: 759 | H63: 1 | I63: block | J63: ModBlocks.blockCasings2Misc | K63: 15 | L63: TST/src/main/java/com/Nxer/TwistSpaceTechnology/common/machine/TST_MegaTreeFarm.java | M63: 412 | N63: D:\tmp\GT5\src\main\resources\assets\miscutils\textures\blocks\TileEntities\sterileCasing.png | O63: 1 | P63: texture_block_casing/04_MegaTreeFarm | Q63: ĐÃ TÌM THẤY | R63: Texture truy ngược từ block/meta trong source.
A64: 4 | B64: MegaTreeFarm | C64: UHV | D64: TST_MegaTreeFarm | E64: STRUCTURE_PIECE_MAIN1 (759) | F64: h | G64: 759 | H64: 1 | I64: block | J64: MetaBlockCasing01 | K64: 13 | L64: TST/src/main/java/com/Nxer/TwistSpaceTechnology/common/machine/TST_MegaTreeFarm.java | M64: 413 | N64: D:\tmp\TST\src\main\resources\assets\gtnhcommunitymod\textures\blocks\MetaBlockCasing01\13.png | O64: 1 | P64: texture_block_casing/04_MegaTreeFarm | Q64: ĐÃ TÌM THẤY | R64: Texture truy ngược từ block/meta trong source.
A65: 4 | B65: MegaTreeFarm | C65: UHV | D65: TST_MegaTreeFarm | E65: STRUCTURE_PIECE_MAIN (236); STRUCTURE_PIECE_MAIN1 (236) | F65: I | G65: 472 | H65: 1 | I65: block | J65: ModBlocks.blockCasingsTieredGTPP | K65: 8 | L65: TST/src/main/java/com/Nxer/TwistSpaceTechnology/common/machine/TST_MegaTreeFarm.java | M65: 414 | N65: D:\tmp\GT5\src\main\resources\assets\gregtech\textures\blocks\iconsets\INTEGRAL_FRAMEWORK_UV.png | O65: 1 | P65: texture_block_casing/04_MegaTreeFarm | Q65: ĐÃ TÌM THẤY | R65: Texture truy ngược từ block/meta trong source.
A66: 4 | B66: MegaTreeFarm | C66: UHV | D66: TST_MegaTreeFarm | E66: STRUCTURE_PIECE_MAIN (72); STRUCTURE_PIECE_MAIN1 (72) | F66: J | G66: 144 | H66: 1 | I66: block | J66: ModBlocksHandler.BlockTranslucent.getLeft() | K66: ModBlocksHandler.BlockTranslucent.getRight() | L66: TST/src/main/java/com/Nxer/TwistSpaceTechnology/common/machine/TST_MegaTreeFarm.java | M66: 415 | N66: C:\Users\mtien\.codex\generated_images\01a01eb0-3916-7be3-b9fe-3156e0042d24\exec-14e594ac-220c-4ff4-9c46-3c5e7dfdc552.png | O66: 1 | P66: texture_block_casing/04_MegaTreeFarm | Q66: THIẾT KẾ MỚI | R66: Casing kính ma thuật công nghiệp; thiết kế mới theo chủ đề Mega Tree Farm. Target: TSTBlocks.ARCANE_TRANSLUCENT_CASING
A67: 4 | B67: MegaTreeFarm | C67: UHV | D67: TST_MegaTreeFarm | E67: STRUCTURE_PIECE_MAIN (108); STRUCTURE_PIECE_MAIN1 (108) | F67: K | G67: 216 | H67: 1 | I67: block | J67: ModBlocksHandler.AirCrystalBlock.getLeft() | K67: ModBlocksHandler.AirCrystalBlock.getRight() | L67: TST/src/main/java/com/Nxer/TwistSpaceTechnology/common/machine/TST_MegaTreeFarm.java | M67: 418 | N67: C:\Users\mtien\.codex\generated_images\01a01eb0-3916-7be3-b9fe-3156e0042d24\exec-1363b52c-9ce2-40cc-9372-7f9daa2ac2b1.png | O67: 1 | P67: texture_block_casing/04_MegaTreeFarm | Q67: THIẾT KẾ MỚI | R67: Tinh thể khí trong khung casing GTCEu; thiết kế mới cho Mega Tree Farm. Target: TSTBlocks.AIR_CRYSTAL_CASING
... A76: 4 | B76: MegaTreeFarm | C76: UHV | D76: TST_MegaTreeFarm | E76: STRUCTURE_PIECE_MAIN1 (124) | F76: r | G76: 124 | H76: 1 | I76: block | J76: MetaBlockCasing01 | K76: 13 | L76: TST/src/main/java/com/Nxer/TwistSpaceTechnology/common/machine/TST_MegaTreeFarm.java | M76: 466 | N76: D:\tmp\TST\src\main\resources\assets\gtnhcommunitymod\textures\blocks\MetaBlockCasing01\13.png | O76: 1 | P76: texture_block_casing/04_MegaTreeFarm | Q76: ĐÃ TÌM THẤY | R76: Texture truy ngược từ block/meta trong source.
A77: 4 | B77: MegaTreeFarm | C77: UHV | D77: TST_MegaTreeFarm | E77: STRUCTURE_PIECE_MAIN (289) | F77: S | G77: 289 | H77: 1 | I77: frame | J77: Materials.Mytryl | L77: TST/src/main/java/com/Nxer/TwistSpaceTechnology/common/machine/TST_MegaTreeFarm.java | M77: 476 | N77: D:\tmp\GT5\src\main\resources\assets\gregtech\textures\blocks\materialicons\NONE\frameGt.png | O77: 1 | P77: texture_block_casing/04_MegaTreeFarm | Q77: ĐÃ TÌM THẤY | R77: Texture truy ngược từ block/meta trong source.
A78: 4 | B78: MegaTreeFarm | C78: UHV | D78: TST_MegaTreeFarm | E78: STRUCTURE_PIECE_MAIN1 (289) | F78: s | G78: 289 | H78: 1 | I78: frame | J78: Materials.AstralSilver | L78: TST/src/main/java/com/Nxer/TwistSpaceTechnology/common/machine/TST_MegaTreeFarm.java | M78: 477 | N78: D:\tmp\GT5\src\main\resources\assets\gregtech\textures\blocks\materialicons\NONE\frameGt.png | O78: 1 | P78: texture_block_casing/04_MegaTreeFarm | Q78: ĐÃ TÌM THẤY | R78: Texture truy ngược từ block/meta trong source.
A79: 5 | B79: Disassembler | C79: UEV | D79: TST_Disassembler | E79: (shape nạp động/không đếm được) | F79: A | G79: 0 | H79: 1 | I79: glass_family | J79: BorosilicateGlass | L79: TST/src/main/java/com/Nxer/TwistSpaceTechnology/system/Disassembler/TST_Disassembler.java | M79: 131 | N79: D:\tmp\GT5\src\main\resources\assets\bartworks\textures\blocks\BoronSilicateGlassBlock.png D:\tmp\GT5\src\main\resources\assets\bartworks\textures\blocks\ColoredBoronSilicateGlassBlock1.png D:\tmp\GT5\src\main\resources\assets\bartworks\textures\blocks\ColoredBoronSilicateGlassBlock2.png (+47 file khác trong folder máy) | O79: 50 | P79: texture_block_casing/05_Disassembler | Q79: ĐÃ TÌM THẤY | R79: Family động: GT5 chấp nhận nhiều loại kính; đã gom các texture kính hiện diện trong monorepo GT5.
A80: 5 | B80: Disassembler | C80: UEV | D80: TST_Disassembler | E80: (shape nạp động/không đếm được) | F80: B | G80: 0 | H80: 1 | I80: block | J80: Loaders.componentAssemblylineCasing | K80: 0 | L80: TST/src/main/java/com/Nxer/TwistSpaceTechnology/system/Disassembler/TST_Disassembler.java | M80: 132 | N80: D:\tmp\GT5\src\main\resources\assets\goodgenerator\textures\blocks\compAsslineCasing\0.png | O80: 1 | P80: texture_block_casing/05_Disassembler | Q80: ĐÃ TÌM THẤY | R80: Texture truy ngược từ block/meta trong source.
A81: 5 | B81: Disassembler | C81: UEV | D81: TST_Disassembler | E81: (shape nạp động/không đếm được) | F81: B | G81: 0 | H81: 1 | I81: block | J81: Loaders.componentAssemblylineCasing | K81: 1 | L81: TST/src/main/java/com/Nxer/TwistSpaceTechnology/system/Disassembler/TST_Disassembler.java | M81: 132 | N81: D:\tmp\GT5\src\main\resources\assets\goodgenerator\textures\blocks\compAsslineCasing\1.png | O81: 1 | P81: texture_block_casing/05_Disassembler | Q81: ĐÃ TÌM THẤY | R81: Texture truy ngược từ block/meta trong source.
A82: 5 | B82: Disassembler | C82: UEV | D82: TST_Disassembler | E82: (shape nạp động/không đếm được) | F82: B | G82: 0 | H82: 1 | I82: block | J82: Loaders.componentAssemblylineCasing | K82: 2 | L82: TST/src/main/java/com/Nxer/TwistSpaceTechnology/system/Disassembler/TST_Disassembler.java | M82: 132 | N82: D:\tmp\GT5\src\main\resources\assets\goodgenerator\textures\blocks\compAsslineCasing\2.png | O82: 1 | P82: texture_block_casing/05_Disassembler | Q82: ĐÃ TÌM THẤY | R82: Texture truy ngược từ block/meta trong source.
A83: 5 | B83: Disassembler | C83: UEV | D83: TST_Disassembler | E83: (shape nạp động/không đếm được) | F83: B | G83: 0 | H83: 1 | I83: block | J83: Loaders.componentAssemblylineCasing | K83: 3 | L83: TST/src/main/java/com/Nxer/TwistSpaceTechnology/system/Disassembler/TST_Disassembler.java | M83: 132 | N83: D:\tmp\GT5\src\main\resources\assets\goodgenerator\textures\blocks\compAsslineCasing\3.png | O83: 1 | P83: texture_block_casing/05_Disassembler | Q83: ĐÃ TÌM THẤY | R83: Texture truy ngược từ block/meta trong source.
A84: 5 | B84: Disassembler | C84: UEV | D84: TST_Disassembler | E84: (shape nạp động/không đếm được) | F84: B | G84: 0 | H84: 1 | I84: block | J84: Loaders.componentAssemblylineCasing | K84: 4 | L84: TST/src/main/java/com/Nxer/TwistSpaceTechnology/system/Disassembler/TST_Disassembler.java | M84: 132 | N84: D:\tmp\GT5\src\main\resources\assets\goodgenerator\textures\blocks\compAsslineCasing\4.png | O84: 1 | P84: texture_block_casing/05_Disassembler | Q84: ĐÃ TÌM THẤY | R84: Texture truy ngược từ block/meta trong source.
A85: 5 | B85: Disassembler | C85: UEV | D85: TST_Disassembler | E85: (shape nạp động/không đếm được) | F85: B | G85: 0 | H85: 1 | I85: block | J85: Loaders.componentAssemblylineCasing | K85: 5 | L85: TST/src/main/java/com/Nxer/TwistSpaceTechnology/system/Disassembler/TST_Disassembler.java | M85: 132 | N85: D:\tmp\GT5\src\main\resources\assets\goodgenerator\textures\blocks\compAsslineCasing\5.png | O85: 1 | P85: texture_block_casing/05_Disassembler | Q85: ĐÃ TÌM THẤY | R85: Texture truy ngược từ block/meta trong source.
A86: 5 | B86: Disassembler | C86: UEV | D86: TST_Disassembler | E86: (shape nạp động/không đếm được) | F86: B | G86: 0 | H86: 1 | I86: block | J86: Loaders.componentAssemblylineCasing | K86: 6 | L86: TST/src/main/java/com/Nxer/TwistSpaceTechnology/system/Disassembler/TST_Disassembler.java | M86: 132 | N86: D:\tmp\GT5\src\main\resources\assets\goodgenerator\textures\blocks\compAsslineCasing\6.png | O86: 1 | P86: texture_block_casing/05_Disassembler | Q86: ĐÃ TÌM THẤY | R86: Texture truy ngược từ block/meta trong source.
A87: 5 | B87: Disassembler | C87: UEV | D87: TST_Disassembler | E87: (shape nạp động/không đếm được) | F87: B | G87: 0 | H87: 1 | I87: block | J87: Loaders.componentAssemblylineCasing | K87: 7 | L87: TST/src/main/java/com/Nxer/TwistSpaceTechnology/system/Disassembler/TST_Disassembler.java | M87: 132 | N87: D:\tmp\GT5\src\main\resources\assets\goodgenerator\textures\blocks\compAsslineCasing\7.png | O87: 1 | P87: texture_block_casing/05_Disassembler | Q87: ĐÃ TÌM THẤY | R87: Texture truy ngược từ block/meta trong source.
A88: 5 | B88: Disassembler | C88: UEV | D88: TST_Disassembler | E88: (shape nạp động/không đếm được) | F88: B | G88: 0 | H88: 1 | I88: block | J88: Loaders.componentAssemblylineCasing | K88: 8 | L88: TST/src/main/java/com/Nxer/TwistSpaceTechnology/system/Disassembler/TST_Disassembler.java | M88: 132 | N88: D:\tmp\GT5\src\main\resources\assets\goodgenerator\textures\blocks\compAsslineCasing\8.png | O88: 1 | P88: texture_block_casing/05_Disassembler | Q88: ĐÃ TÌM THẤY | R88: Texture truy ngược từ block/meta trong source.
A89: 5 | B89: Disassembler | C89: UEV | D89: TST_Disassembler | E89: (shape nạp động/không đếm được) | F89: B | G89: 0 | H89: 1 | I89: block | J89: Loaders.componentAssemblylineCasing | K89: 9 | L89: TST/src/main/java/com/Nxer/TwistSpaceTechnology/system/Disassembler/TST_Disassembler.java | M89: 132 | N89: D:\tmp\GT5\src\main\resources\assets\goodgenerator\textures\blocks\compAsslineCasing\9.png | O89: 1 | P89: texture_block_casing/05_Disassembler | Q89: ĐÃ TÌM THẤY | R89: Texture truy ngược từ block/meta trong source.
A90: 5 | B90: Disassembler | C90: UEV | D90: TST_Disassembler | E90: (shape nạp động/không đếm được) | F90: B | G90: 0 | H90: 1 | I90: block | J90: Loaders.componentAssemblylineCasing | K90: 10 | L90: TST/src/main/java/com/Nxer/TwistSpaceTechnology/system/Disassembler/TST_Disassembler.java | M90: 132 | N90: D:\tmp\GT5\src\main\resources\assets\goodgenerator\textures\blocks\compAsslineCasing\10.png | O90: 1 | P90: texture_block_casing/05_Disassembler | Q90: ĐÃ TÌM THẤY | R90: Texture truy ngược từ block/meta trong source.
A91: 5 | B91: Disassembler | C91: UEV | D91: TST_Disassembler | E91: (shape nạp động/không đếm được) | F91: B | G91: 0 | H91: 1 | I91: block | J91: Loaders.componentAssemblylineCasing | K91: 11 | L91: TST/src/main/java/com/Nxer/TwistSpaceTechnology/system/Disassembler/TST_Disassembler.java | M91: 132 | N91: D:\tmp\GT5\src\main\resources\assets\goodgenerator\textures\blocks\compAsslineCasing\11.png | O91: 1 | P91: texture_block_casing/05_Disassembler | Q91: ĐÃ TÌM THẤY | R91: Texture truy ngược từ block/meta trong source.
... A100: 5 | B100: Disassembler | C100: UEV | D100: TST_Disassembler | E100: (shape nạp động/không đếm được) | F100: I | G100: 0 | H100: 1 | I100: block | J100: sBlockCasingsTT | K100: 4 | L100: TST/src/main/java/com/Nxer/TwistSpaceTechnology/system/Disassembler/TST_Disassembler.java | M100: 151 | N100: D:\tmp\GT5\src\main\resources\assets\gregtech\textures\blocks\iconsets\EM_CASING.png | O100: 1 | P100: texture_block_casing/05_Disassembler | Q100: ĐÃ TÌM THẤY | R100: Texture truy ngược từ block/meta trong source.
A101: 5 | B101: Disassembler | C101: UEV | D101: TST_Disassembler | E101: (shape nạp động/không đếm được) | F101: J | G101: 0 | H101: 1 | I101: frame | J101: Materials.CosmicNeutronium | L101: TST/src/main/java/com/Nxer/TwistSpaceTechnology/system/Disassembler/TST_Disassembler.java | M101: 161 | N101: D:\tmp\GT5\src\main\resources\assets\gregtech\textures\blocks\materialicons\CUSTOM\cosmicneutronium\frameGt.png | O101: 1 | P101: texture_block_casing/05_Disassembler | Q101: ĐÃ TÌM THẤY | R101: Texture truy ngược từ block/meta trong source.
A102: 6 | B102: IncompactCyclotron | C102: UEV | D102: TST_IncompactCyclotron | E102: STRUCTURE_PIECE_MAIN (31) | F102: A | G102: 31 | H102: 1 | I102: glass_family | J102: BorosilicateGlass | L102: TST/src/main/java/com/Nxer/TwistSpaceTechnology/common/machine/TST_IncompactCyclotron.java | M102: 143 | N102: D:\tmp\GT5\src\main\resources\assets\bartworks\textures\blocks\BoronSilicateGlassBlock.png D:\tmp\GT5\src\main\resources\assets\bartworks\textures\blocks\ColoredBoronSilicateGlassBlock1.png D:\tmp\GT5\src\main\resources\assets\bartworks\textures\blocks\ColoredBoronSilicateGlassBlock2.png (+47 file khác trong folder máy) | O102: 50 | P102: texture_block_casing/06_IncompactCyclotron | Q102: ĐÃ TÌM THẤY | R102: Family động: GT5 chấp nhận nhiều loại kính; đã gom các texture kính hiện diện trong monorepo GT5.
A103: 6 | B103: IncompactCyclotron | C103: UEV | D103: TST_IncompactCyclotron | E103: STRUCTURE_PIECE_MAIN (128) | F103: B | G103: 128 | H103: 1 | I103: block | J103: Objects.requireNonNull(Block.getBlockFromName("miscutils:blockFrameGtQuantum")) | K103: 0 | L103: TST/src/main/java/com/Nxer/TwistSpaceTechnology/common/machine/TST_IncompactCyclotron.java | M103: 144 | N103: D:\tmp\GT5\src\main\resources\assets\gregtech\textures\blocks\materialicons\NONE\frameGt.png | O103: 1 | P103: texture_block_casing/06_IncompactCyclotron | Q103: ĐÃ TÌM THẤY | R103: Texture truy ngược từ block/meta trong source.
A104: 6 | B104: IncompactCyclotron | C104: UEV | D104: TST_IncompactCyclotron | E104: STRUCTURE_PIECE_MAIN (560) | F104: C | G104: 560 | H104: 1 | I104: block | J104: MetaBlockCasing01 | K104: 12 | L104: TST/src/main/java/com/Nxer/TwistSpaceTechnology/common/machine/TST_IncompactCyclotron.java | M104: 147 | N104: D:\tmp\TST\src\main\resources\assets\gtnhcommunitymod\textures\blocks\MetaBlockCasing01\12.png | O104: 1 | P104: texture_block_casing/06_IncompactCyclotron | Q104: ĐÃ TÌM THẤY | R104: Texture truy ngược từ block/meta trong source.
A105: 6 | B105: IncompactCyclotron | C105: UEV | D105: TST_IncompactCyclotron | E105: STRUCTURE_PIECE_MAIN (1664) | F105: D | G105: 1664 | H105: 1 | I105: block | J105: MetaBlockCasing01 | K105: 11 | L105: TST/src/main/java/com/Nxer/TwistSpaceTechnology/common/machine/TST_IncompactCyclotron.java | M105: 148 | N105: D:\tmp\TST\src\main\resources\assets\gtnhcommunitymod\textures\blocks\MetaBlockCasing01\11.png | O105: 1 | P105: texture_block_casing/06_IncompactCyclotron | Q105: ĐÃ TÌM THẤY | R105: Texture truy ngược từ block/meta trong source.
A106: 6 | B106: IncompactCyclotron | C106: UEV | D106: TST_IncompactCyclotron | E106: STRUCTURE_PIECE_MAIN (64) | F106: E | G106: 64 | H106: 1 | I106: glass_family | J106: BorosilicateGlass | L106: TST/src/main/java/com/Nxer/TwistSpaceTechnology/common/machine/TST_IncompactCyclotron.java | M106: 149 | N106: D:\tmp\GT5\src\main\resources\assets\bartworks\textures\blocks\BoronSilicateGlassBlock.png D:\tmp\GT5\src\main\resources\assets\bartworks\textures\blocks\ColoredBoronSilicateGlassBlock1.png D:\tmp\GT5\src\main\resources\assets\bartworks\textures\blocks\ColoredBoronSilicateGlassBlock2.png (+47 file khác trong folder máy) | O106: 50 | P106: texture_block_casing/06_IncompactCyclotron | Q106: ĐÃ TÌM THẤY | R106: Family động: GT5 chấp nhận nhiều loại kính; đã gom các texture kính hiện diện trong monorepo GT5.
A107: 6 | B107: IncompactCyclotron | C107: UEV | D107: TST_IncompactCyclotron | E107: STRUCTURE_PIECE_MAIN (32) | F107: F | G107: 32 | H107: 1 | I107: block | J107: TstBlocks.MetaBlockCasing01 | K107: 11 | L107: TST/src/main/java/com/Nxer/TwistSpaceTechnology/common/machine/TST_IncompactCyclotron.java | M107: 156 | N107: D:\tmp\TST\src\main\resources\assets\gtnhcommunitymod\textures\blocks\MetaBlockCasing01\11.png | O107: 1 | P107: texture_block_casing/06_IncompactCyclotron | Q107: ĐÃ TÌM THẤY | R107: Texture truy ngược từ block/meta trong source.
A108: 7 | B108: MegaStoneBreaker | C108: UEV | D108: TST_MegaStoneBreaker | E108: STRUCTURE_PIECE_MAIN (15) | F108: A | G108: 15 | H108: 1 | I108: block | J108: GregTechAPI.sBlockCasings11 | K108: 7 | L108: TST/src/main/java/com/Nxer/TwistSpaceTechnology/common/machine/TST_MegaStoneBreaker.java | M108: 233 | N108: D:\tmp\GT5\src\main\resources\assets\gregtech\textures\blocks\iconsets\MACHINE_CASING_ITEM_PIPE_BLACK_PLUTONIUM.png | O108: 1 | P108: texture_block_casing/07_MegaStoneBreaker | Q108: ĐÃ TÌM THẤY | R108: Texture truy ngược từ block/meta trong source.
A109: 7 | B109: MegaStoneBreaker | C109: UEV | D109: TST_MegaStoneBreaker | E109: STRUCTURE_PIECE_MAIN (172) | F109: B | G109: 172 | H109: 1 | I109: block | J109: GregTechAPI.sBlockCasings2 | K109: 15 | L109: TST/src/main/java/com/Nxer/TwistSpaceTechnology/common/machine/TST_MegaStoneBreaker.java | M109: 234 | N109: D:\tmp\GT5\src\main\resources\assets\gregtech\textures\blocks\iconsets\MACHINE_CASING_PIPE_TUNGSTENSTEEL.png | O109: 1 | P109: texture_block_casing/07_MegaStoneBreaker | Q109: ĐÃ TÌM THẤY | R109: Texture truy ngược từ block/meta trong source.
A110: 7 | B110: MegaStoneBreaker | C110: UEV | D110: TST_MegaStoneBreaker | E110: STRUCTURE_PIECE_MAIN (25) | F110: C | G110: 25 | H110: 1 | I110: block | J110: GregTechAPI.sBlockCasings8 | K110: 7 | L110: TST/src/main/java/com/Nxer/TwistSpaceTechnology/common/machine/TST_MegaStoneBreaker.java | M110: 235 | N110: D:\tmp\GT5\src\main\resources\assets\gregtech\textures\blocks\iconsets\MACHINE_CASING_IRIDIUM.png | O110: 1 | P110: texture_block_casing/07_MegaStoneBreaker | Q110: ĐÃ TÌM THẤY | R110: Texture truy ngược từ block/meta trong source.
A111: 7 | B111: MegaStoneBreaker | C111: UEV | D111: TST_MegaStoneBreaker | E111: STRUCTURE_PIECE_MAIN (24) | F111: D | G111: 24 | H111: 1 | I111: block | J111: GregTechAPI.sBlockCasings9 | K111: 1 | L111: TST/src/main/java/com/Nxer/TwistSpaceTechnology/common/machine/TST_MegaStoneBreaker.java | M111: 236 | N111: D:\tmp\GT5\src\main\resources\assets\gregtech\textures\blocks\iconsets\MACHINE_CASING_VENT_T2.png | O111: 1 | P111: texture_block_casing/07_MegaStoneBreaker | Q111: ĐÃ TÌM THẤY | R111: Texture truy ngược từ block/meta trong source.
A112: 7 | B112: MegaStoneBreaker | C112: UEV | D112: TST_MegaStoneBreaker | E112: STRUCTURE_PIECE_MAIN (129) | F112: E | G112: 129 | H112: 1 | I112: frame | J112: Materials.CosmicNeutronium | L112: TST/src/main/java/com/Nxer/TwistSpaceTechnology/common/machine/TST_MegaStoneBreaker.java | M112: 237 | N112: D:\tmp\GT5\src\main\resources\assets\gregtech\textures\blocks\materialicons\CUSTOM\cosmicneutronium\frameGt.png | O112: 1 | P112: texture_block_casing/07_MegaStoneBreaker | Q112: ĐÃ TÌM THẤY | R112: Texture truy ngược từ block/meta trong source.
A113: 7 | B113: MegaStoneBreaker | C113: UEV | D113: TST_MegaStoneBreaker | E113: STRUCTURE_PIECE_MAIN (96) | F113: F | G113: 96 | H113: 1 | I113: block | J113: ModBlocks.blockCasings2Misc | K113: 0 | L113: TST/src/main/java/com/Nxer/TwistSpaceTechnology/common/machine/TST_MegaStoneBreaker.java | M113: 238 | N113: D:\tmp\GT5\src\main\resources\assets\miscutils\textures\blocks\TileEntities\MACHINE_CASING_STABLE_RED_STEEL.png | O113: 1 | P113: texture_block_casing/07_MegaStoneBreaker | Q113: ĐÃ TÌM THẤY | R113: Texture truy ngược từ block/meta trong source.
A114: 7 | B114: MegaStoneBreaker | C114: UEV | D114: TST_MegaStoneBreaker | E114: STRUCTURE_PIECE_MAIN (396) | F114: G | G114: 396 | H114: 1 | I114: block | J114: ModBlocks.blockCasings2Misc | K114: 11 | L114: TST/src/main/java/com/Nxer/TwistSpaceTechnology/common/machine/TST_MegaStoneBreaker.java | M114: 239 | N114: D:\tmp\GT5\src\main\resources\assets\miscutils\textures\blocks\TileEntities\MACHINE_CASING_STABLE_TANTALLOY61.png | O114: 1 | P114: texture_block_casing/07_MegaStoneBreaker | Q114: ĐÃ TÌM THẤY | R114: Texture truy ngược từ block/meta trong source.
A115: 7 | B115: MegaStoneBreaker | C115: UEV | D115: TST_MegaStoneBreaker | E115: STRUCTURE_PIECE_MAIN (54) | F115: H | G115: 54 | H115: 1 | I115: block | J115: ModBlocks.blockCasingsMisc | K115: 14 | L115: TST/src/main/java/com/Nxer/TwistSpaceTechnology/common/machine/TST_MegaStoneBreaker.java | M115: 240 | N115: D:\tmp\GT5\src\main\resources\assets\miscutils\textures\blocks\TileEntities\MACHINE_CASING_FIREBOX_STABALLOY.png | O115: 1 | P115: texture_block_casing/07_MegaStoneBreaker | Q115: ĐÃ TÌM THẤY | R115: Texture truy ngược từ block/meta trong source.
A116: 7 | B116: MegaStoneBreaker | C116: UEV | D116: TST_MegaStoneBreaker | E116: STRUCTURE_PIECE_MAIN (258) | F116: I | G116: 258 | H116: 1 | I116: block | J116: Loaders.pressureResistantWalls | K116: 0 | L116: TST/src/main/java/com/Nxer/TwistSpaceTechnology/common/machine/TST_MegaStoneBreaker.java | M116: 241 | N116: D:\tmp\GT5\src\main\resources\assets\goodgenerator\textures\blocks\pressureResistantWalls.png | O116: 1 | P116: texture_block_casing/07_MegaStoneBreaker | Q116: ĐÃ TÌM THẤY | R116: Texture truy ngược từ block/meta trong source.
A117: 7 | B117: MegaStoneBreaker | C117: UEV | D117: TST_MegaStoneBreaker | E117: STRUCTURE_PIECE_MAIN (4) | F117: J | G117: 4 | H117: 1 | I117: block | J117: ModBlocks.blockCasings2Misc | K117: 0 | L117: TST/src/main/java/com/Nxer/TwistSpaceTechnology/common/machine/TST_MegaStoneBreaker.java | M117: 242 | N117: D:\tmp\GT5\src\main\resources\assets\miscutils\textures\blocks\TileEntities\MACHINE_CASING_STABLE_RED_STEEL.png | O117: 1 | P117: texture_block_casing/07_MegaStoneBreaker | Q117: ĐÃ TÌM THẤY | R117: Texture truy ngược từ block/meta trong source.
A118: 7 | B118: MegaStoneBreaker | C118: UEV | D118: TST_MegaStoneBreaker | E118: STRUCTURE_PIECE_MAIN (1) | F118: L | G118: 1 | H118: 1 | I118: block | J118: ModBlocks.blockCasings2Misc | K118: 0 | L118: TST/src/main/java/com/Nxer/TwistSpaceTechnology/common/machine/TST_MegaStoneBreaker.java | M118: 250 | N118: D:\tmp\GT5\src\main\resources\assets\miscutils\textures\blocks\TileEntities\MACHINE_CASING_STABLE_RED_STEEL.png | O118: 1 | P118: texture_block_casing/07_MegaStoneBreaker | Q118: ĐÃ TÌM THẤY | R118: Texture truy ngược từ block/meta trong source.
A119: 7 | B119: MegaStoneBreaker | C119: UEV | D119: TST_MegaStoneBreaker | E119: STRUCTURE_PIECE_MAIN (1) | F119: W | G119: 1 | H119: 1 | I119: block | J119: ModBlocks.blockCasings2Misc | K119: 0 | L119: TST/src/main/java/com/Nxer/TwistSpaceTechnology/common/machine/TST_MegaStoneBreaker.java | M119: 257 | N119: D:\tmp\GT5\src\main\resources\assets\miscutils\textures\blocks\TileEntities\MACHINE_CASING_STABLE_RED_STEEL.png | O119: 1 | P119: texture_block_casing/07_MegaStoneBreaker | Q119: ĐÃ TÌM THẤY | R119: Texture truy ngược từ block/meta trong source.
A120: 8 | B120: LargeNeutronOscillator | C120: UIV | D120: MM_LargeNeutronOscillator | E120: (shape nạp động/không đếm được) | F120: A | G120: 0 | H120: 1 | I120: block | J120: GregTechAPI.sBlockCasings4 | K120: 1 | L120: TST/src/main/java/com/Nxer/TwistSpaceTechnology/common/modularizedMachine/MM_LargeNeutronOscillator.java | M120: 174 | N120: D:\tmp\GT5\src\main\resources\assets\gregtech\textures\blocks\iconsets\MACHINE_CASING_CLEAN_STAINLESSSTEEL.png | O120: 1 | P120: texture_block_casing/08_LargeNeutronOscillator | Q120: ĐÃ TÌM THẤY | R120: Texture truy ngược từ block/meta trong source.
A121: 8 | B121: LargeNeutronOscillator | C121: UIV | D121: MM_LargeNeutronOscillator | E121: (shape nạp động/không đếm được) | F121: B | G121: 0 | H121: 1 | I121: block | J121: GregTechAPI.sBlockCasings8 | K121: 7 | L121: TST/src/main/java/com/Nxer/TwistSpaceTechnology/common/modularizedMachine/MM_LargeNeutronOscillator.java | M121: 182 | N121: D:\tmp\GT5\src\main\resources\assets\gregtech\textures\blocks\iconsets\MACHINE_CASING_IRIDIUM.png | O121: 1 | P121: texture_block_casing/08_LargeNeutronOscillator | Q121: ĐÃ TÌM THẤY | R121: Texture truy ngược từ block/meta trong source.
A122: 8 | B122: LargeNeutronOscillator | C122: UIV | D122: MM_LargeNeutronOscillator | E122: (shape nạp động/không đếm được) | F122: C | G122: 0 | H122: 1 | I122: block | J122: GregTechAPI.sBlockCasings8 | K122: 10 | L122: TST/src/main/java/com/Nxer/TwistSpaceTechnology/common/modularizedMachine/MM_LargeNeutronOscillator.java | M122: 190 | N122: D:\tmp\GT5\src\main\resources\assets\gregtech\textures\blocks\iconsets\MACHINE_CASING_RADIANT_NAQUADAH_ALLOY.png | O122: 1 | P122: texture_block_casing/08_LargeNeutronOscillator | Q122: ĐÃ TÌM THẤY | R122: Texture truy ngược từ block/meta trong source.
A123: 8 | B123: LargeNeutronOscillator | C123: UIV | D123: MM_LargeNeutronOscillator | E123: (shape nạp động/không đếm được) | F123: D | G123: 0 | H123: 1 | I123: block | J123: sBlockCasingsTT | K123: 0 | L123: TST/src/main/java/com/Nxer/TwistSpaceTechnology/common/modularizedMachine/MM_LargeNeutronOscillator.java | M123: 198 | N123: D:\tmp\GT5\src\main\resources\assets\gregtech\textures\blocks\iconsets\EM_POWER.png | O123: 1 | P123: texture_block_casing/08_LargeNeutronOscillator | Q123: ĐÃ TÌM THẤY | R123: Texture truy ngược từ block/meta trong source.
A124: 8 | B124: LargeNeutronOscillator | C124: UIV | D124: MM_LargeNeutronOscillator | E124: (shape nạp động/không đếm được) | F124: E | G124: 0 | H124: 1 | I124: block | J124: Loaders.speedingPipe | K124: 0 | L124: TST/src/main/java/com/Nxer/TwistSpaceTechnology/common/modularizedMachine/MM_LargeNeutronOscillator.java | M124: 199 | N124: D:\tmp\GT5\src\main\resources\assets\goodgenerator\textures\blocks\speedingPipe_SIDE.png D:\tmp\GT5\src\main\resources\assets\goodgenerator\textures\blocks\speedingPipe_TOP.png | O124: 2 | P124: texture_block_casing/08_LargeNeutronOscillator | Q124: ĐÃ TÌM THẤY | R124: Texture truy ngược từ block/meta trong source.
A125: 8 | B125: LargeNeutronOscillator | C125: UIV | D125: MM_LargeNeutronOscillator | E125: (shape nạp động/không đếm được) | F125: F | G125: 0 | H125: 1 | I125: glass_family | J125: chainAllGlasses() | L125: TST/src/main/java/com/Nxer/TwistSpaceTechnology/common/modularizedMachine/MM_LargeNeutronOscillator.java | M125: 200 | N125: D:\tmp\GT5\src\main\resources\assets\bartworks\textures\blocks\BoronSilicateGlassBlock.png D:\tmp\GT5\src\main\resources\assets\bartworks\textures\blocks\ColoredBoronSilicateGlassBlock1.png D:\tmp\GT5\src\main\resources\assets\bartworks\textures\blocks\ColoredBoronSilicateGlassBlock2.png (+47 file khác trong folder máy) | O125: 50 | P125: texture_block_casing/08_LargeNeutronOscillator | Q125: ĐÃ TÌM THẤY | R125: Family động: GT5 chấp nhận nhiều loại kính; đã gom các texture kính hiện diện trong monorepo GT5.
A126: 8 | B126: LargeNeutronOscillator | C126: UIV | D126: MM_LargeNeutronOscillator | E126: (shape nạp động/không đếm được) | F126: G | G126: 0 | H126: 1 | I126: frame | J126: Materials.NaquadahAlloy | L126: TST/src/main/java/com/Nxer/TwistSpaceTechnology/common/modularizedMachine/MM_LargeNeutronOscillator.java | M126: 201 | N126: D:\tmp\GT5\src\main\resources\assets\gregtech\textures\blocks\materialicons\NONE\frameGt.png | O126: 1 | P126: texture_block_casing/08_LargeNeutronOscillator | Q126: ĐÃ TÌM THẤY | R126: Texture truy ngược từ block/meta trong source.
A127: 9 | B127: MegaNqReactor | C127: UIV | D127: TST_MegaNqReactor | E127: STRUCTURE_PIECE_MAIN (4163) | F127: D | G127: 4163 | H127: 1 | I127: block | J127: GregTechAPI.sBlockCasings8 | K127: 3 | L127: TST/src/main/java/com/Nxer/TwistSpaceTechnology/common/machine/GeneratorMultis/TST_MegaNqReactor.java | M127: 1633 | N127: D:\tmp\GT5\src\main\resources\assets\gregtech\textures\blocks\iconsets\MACHINE_CASING_MINING_BLACKPLUTONIUM.png | O127: 1 | P127: texture_block_casing/09_MegaNqReactor | Q127: ĐÃ TÌM THẤY | R127: Texture truy ngược từ block/meta trong source.
...
